,"Air temperature, degC","Wind speed, m/s","Gust speed, m/s","Wind direction, deg","Relative humidity, %","Dew-point temperature, degC","Snow depth, cm","Pressure (msl), hPa","Horizontal visibility, m","Cloud amount, 1/8"
2020-11-04 13:20:00,6.5,2.3,4.3,187.0,79.0,3.1,,1011.3,51434.0,4.0
2020-11-04 13:30:00,6.2,2.5,3.9,180.0,80.0,3.0,,1011.4,53238.0,4.0
2020-11-04 13:40:00,5.7,2.3,3.5,173.0,81.0,2.8,,1011.4,50053.0,4.0
2020-11-04 13:50:00,5.7,2.8,4.0,164.0,81.0,2.7,,1011.3,52636.0,6.0
2020-11-04 14:00:00,5.7,3.1,4.2,164.0,83.0,2.9,,1011.1,50378.0,7.0
2020-11-04 14:10:00,5.5,2.6,4.0,173.0,84.0,3.0,,1010.9,50012.0,7.0
2020-11-04 14:20:00,5.2,3.0,4.3,178.0,84.0,2.8,,1010.8,48538.0,7.0
2020-11-04 14:30:00,5.4,3.0,4.2,178.0,84.0,3.0,,1010.6,46153.0,7.0
2020-11-04 14:40:00,5.1,3.1,4.2,174.0,85.0,2.8,,1010.4,46154.0,7.0
2020-11-04 14:50:00,5.0,3.4,4.8,175.0,86.0,2.9,,1010.3,45500.0,7.0
2020-11-04 15:00:00,4.8,2.4,3.7,180.0,87.0,2.8,,1010.3,44728.0,7.0
2020-11-04 15:10:00,4.6,2.0,3.1,182.0,88.0,2.8,,1010.3,43270.0,7.0
2020-11-04 15:20:00,4.6,1.7,2.5,183.0,89.0,2.9,,1010.3,42137.0,7.0
2020-11-04 15:30:00,4.3,1.7,2.5,173.0,91.0,2.9,,1010.2,41344.0,8.0
2020-11-04 15:40:00,4.2,2.0,3.1,175.0,91.0,2.9,,1010.1,39901.0,8.0
2020-11-04 15:50:00,4.2,1.9,2.7,186.0,92.0,3.0,,1009.9,41404.0,8.0
2020-11-04 16:00:00,4.2,2.3,3.4,195.0,92.0,3.0,,1009.8,40534.0,7.0
2020-11-04 16:10:00,4.3,2.3,4.3,197.0,93.0,3.2,,1009.8,38869.0,6.0
2020-11-04 16:20:00,4.1,2.0,3.5,205.0,93.0,3.1,,1009.8,38194.0,3.0
2020-11-04 16:30:00,4.0,1.6,3.0,198.0,93.0,2.9,,1009.8,35860.0,4.0
2020-11-04 16:40:00,4.0,2.4,3.2,180.0,94.0,3.1,,1009.5,35556.0,4.0
2020-11-04 16:50:00,4.1,2.6,3.7,171.0,94.0,3.3,,1009.5,36526.0,6.0
2020-11-04 17:00:00,4.0,1.8,2.8,184.0,95.0,3.2,,1009.6,36985.0,7.0
2020-11-04 17:10:00,3.8,1.6,2.5,191.0,95.0,3.1,,1009.5,33571.0,7.0
2020-11-04 17:20:00,3.8,1.7,3.3,177.0,96.0,3.2,,1009.4,32480.0,7.0
2020-11-04 17:30:00,4.2,2.0,4.0,188.0,93.0,3.2,,1009.3,34945.0,7.0
2020-11-04 17:40:00,4.4,2.8,4.2,207.0,93.0,3.3,,1009.2,37138.0,7.0
2020-11-04 17:50:00,4.6,2.4,4.5,216.0,91.0,3.3,,1009.0,38513.0,7.0
2020-11-04 18:00:00,4.6,2.7,4.7,225.0,92.0,3.3,,1008.9,38034.0,7.0
2020-11-04 18:10:00,4.4,2.9,5.4,208.0,92.0,3.3,,1008.8,37228.0,7.0
2020-11-04 18:20:00,4.4,2.3,4.0,213.0,93.0,3.3,,1008.8,37745.0,7.0
2020-11-04 18:30:00,4.7,3.0,5.1,212.0,91.0,3.3,,1008.7,38633.0,7.0
2020-11-04 18:40:00,4.8,2.8,4.6,214.0,90.0,3.3,,1008.7,39412.0,7.0
2020-11-04 18:50:00,4.8,2.9,6.2,214.0,89.0,3.2,,1008.7,39645.0,7.0
2020-11-04 19:00:00,4.7,2.4,5.0,220.0,90.0,3.2,,1008.8,41418.0,7.0
2020-11-04 19:10:00,4.7,1.9,3.4,221.0,90.0,3.2,,1008.9,40134.0,7.0
2020-11-04 19:20:00,4.6,2.2,4.1,212.0,90.0,3.1,,1008.8,40009.0,7.0
2020-11-04 19:30:00,4.5,2.7,4.6,216.0,91.0,3.1,,1008.8,39344.0,7.0
2020-11-04 19:40:00,4.6,2.5,4.4,216.0,90.0,3.2,,1009.0,41535.0,7.0
2020-11-04 19:50:00,4.8,2.9,4.7,224.0,89.0,3.1,,1009.0,41978.0,7.0
2020-11-04 20:00:00,4.9,3.1,5.4,222.0,88.0,3.1,,1009.1,42330.0,7.0
2020-11-04 20:10:00,5.1,4.0,6.2,234.0,86.0,3.0,,1009.1,43419.0,8.0
2020-11-04 20:20:00,5.2,3.5,6.2,230.0,85.0,2.9,,1009.1,44295.0,8.0
2020-11-04 20:30:00,5.1,3.4,5.3,221.0,86.0,2.9,,1009.0,46086.0,8.0
2020-11-04 20:40:00,5.2,3.0,5.2,223.0,85.0,2.9,,1009.0,45086.0,8.0
2020-11-04 20:50:00,5.2,3.3,5.9,218.0,86.0,3.0,,1008.9,44864.0,8.0
2020-11-04 21:00:00,5.3,3.8,5.8,214.0,86.0,3.0,,1008.8,43518.0,8.0
2020-11-04 21:10:00,5.2,3.4,5.3,204.0,86.0,3.0,,1008.7,41346.0,8.0
2020-11-04 21:20:00,5.2,3.4,5.8,203.0,86.0,3.0,,1008.5,45215.0,8.0
2020-11-04 21:30:00,5.0,3.7,6.2,201.0,87.0,3.0,,1008.3,45382.0,8.0
2020-11-04 21:40:00,5.0,3.3,5.2,199.0,87.0,2.9,,1008.2,46677.0,7.0
2020-11-04 21:50:00,4.7,2.5,4.2,185.0,88.0,2.9,,1008.1,45556.0,5.0
2020-11-04 22:00:00,4.6,2.3,4.1,187.0,88.0,2.9,,1007.9,45988.0,3.0
2020-11-04 22:10:00,4.5,2.7,4.0,196.0,89.0,2.8,,1008.0,43714.0,4.0
2020-11-04 22:20:00,4.6,2.5,4.0,207.0,89.0,2.9,,1008.1,45399.0,5.0
2020-11-04 22:30:00,4.6,2.8,4.3,199.0,89.0,3.0,,1008.0,46348.0,7.0
2020-11-04 22:40:00,4.8,2.7,3.7,210.0,88.0,3.1,,1008.0,44483.0,7.0
2020-11-04 22:50:00,5.0,3.3,5.1,207.0,88.0,3.1,,1007.8,45319.0,7.0
2020-11-04 23:00:00,5.0,3.8,5.8,203.0,88.0,3.1,,1007.8,44421.0,7.0
2020-11-04 23:10:00,4.9,3.6,5.5,203.0,88.0,3.2,,1007.7,44386.0,7.0
2020-11-04 23:20:00,4.9,3.2,5.0,200.0,89.0,3.2,,1007.7,46180.0,7.0
2020-11-04 23:30:00,4.9,3.0,5.3,210.0,88.0,3.2,,1007.6,43135.0,7.0
2020-11-04 23:40:00,5.0,3.4,8.0,213.0,88.0,3.2,,1007.7,44335.0,7.0
2020-11-04 23:50:00,5.0,3.5,6.7,215.0,88.0,3.2,,1007.7,44096.0,7.0
2020-11-05 00:00:00,5.1,3.2,6.4,224.0,88.0,3.2,,1007.7,45630.0,7.0
2020-11-05 00:10:00,5.2,3.7,6.2,230.0,87.0,3.1,,1007.6,48072.0,7.0
2020-11-05 00:20:00,5.2,3.8,6.7,228.0,87.0,3.1,,1007.6,47947.0,7.0
2020-11-05 00:30:00,5.3,3.8,5.7,229.0,85.0,2.9,,1007.5,49760.0,7.0
2020-11-05 00:40:00,5.3,3.6,7.2,229.0,83.0,2.7,,1007.4,50662.0,7.0
2020-11-05 00:50:00,5.0,3.9,5.8,226.0,84.0,2.5,,1007.2,53973.0,7.0
2020-11-05 01:00:00,5.0,3.6,7.0,228.0,84.0,2.5,,1007.1,52781.0,5.0
2020-11-05 01:10:00,5.0,4.2,7.0,225.0,84.0,2.5,,1007.0,55398.0,6.0
2020-11-05 01:20:00,5.2,4.0,7.9,232.0,83.0,2.6,,1007.0,54759.0,6.0
2020-11-05 01:30:00,5.3,4.7,7.9,234.0,81.0,2.4,,1006.9,56152.0,7.0
2020-11-05 01:40:00,5.2,5.7,8.7,236.0,81.0,2.2,,1006.8,58731.0,7.0
2020-11-05 01:50:00,5.1,4.6,7.3,227.0,82.0,2.2,,1006.6,57400.0,6.0
2020-11-05 02:00:00,4.8,4.0,7.0,227.0,83.0,2.1,,1006.5,58850.0,6.0
2020-11-05 02:10:00,4.8,3.5,6.6,220.0,83.0,2.1,,1006.3,58100.0,7.0
2020-11-05 02:20:00,4.8,4.1,6.7,219.0,83.0,2.1,,1006.2,63202.0,7.0
2020-11-05 02:30:00,4.8,4.8,7.9,228.0,83.0,2.1,,1006.1,60147.0,7.0
2020-11-05 02:40:00,4.9,4.3,8.7,225.0,83.0,2.2,,1005.9,57885.0,7.0
2020-11-05 02:50:00,5.0,4.7,8.5,225.0,82.0,2.2,,1005.8,60818.0,7.0
2020-11-05 03:00:00,4.9,4.3,7.5,225.0,83.0,2.3,,1005.5,54821.0,7.0
2020-11-05 03:10:00,4.7,4.2,7.1,224.0,84.0,2.2,,1005.6,59396.0,7.0
2020-11-05 03:20:00,4.9,4.1,7.1,234.0,82.0,2.2,,1005.5,59138.0,7.0
2020-11-05 03:30:00,4.9,5.0,8.2,233.0,83.0,2.2,,1005.3,61136.0,7.0
2020-11-05 03:40:00,5.0,4.8,7.9,231.0,83.0,2.2,,1004.9,58061.0,7.0
2020-11-05 03:50:00,5.0,4.7,7.6,232.0,82.0,2.2,,1004.7,63002.0,7.0
2020-11-05 04:00:00,4.9,4.8,7.8,227.0,83.0,2.2,,1004.6,63468.0,7.0
2020-11-05 04:10:00,5.0,4.2,7.5,231.0,82.0,2.2,,1004.3,62466.0,7.0
2020-11-05 04:20:00,5.0,3.8,8.1,226.0,82.0,2.2,,1004.3,62386.0,7.0
2020-11-05 04:30:00,5.0,4.2,8.7,223.0,83.0,2.2,,1004.2,70686.0,7.0
2020-11-05 04:40:00,5.1,4.7,9.0,224.0,82.0,2.3,,1004.1,70759.0,7.0
2020-11-05 04:50:00,5.0,4.9,9.0,227.0,83.0,2.3,,1003.9,67618.0,7.0
2020-11-05 05:00:00,5.1,4.5,7.5,219.0,82.0,2.3,,1003.7,66282.0,7.0
2020-11-05 05:10:00,5.2,4.6,7.7,217.0,81.0,2.2,,1003.5,70901.0,7.0
2020-11-05 05:20:00,5.1,4.9,8.2,214.0,82.0,2.3,,1003.3,69254.0,7.0
2020-11-05 05:30:00,5.1,4.9,9.3,216.0,82.0,2.3,,1003.2,67223.0,7.0
2020-11-05 05:40:00,5.2,5.6,8.5,215.0,81.0,2.3,,1002.9,69546.0,7.0
2020-11-05 05:50:00,5.1,4.5,7.2,210.0,82.0,2.3,,1002.7,70485.0,7.0
2020-11-05 06:00:00,5.1,5.5,10.5,214.0,82.0,2.3,,1002.4,72706.0,7.0
2020-11-05 06:10:00,5.1,5.4,9.6,216.0,81.0,2.2,,1002.1,66752.0,8.0
2020-11-05 06:20:00,5.1,5.5,8.7,219.0,81.0,2.2,,1002.0,72163.0,7.0
2020-11-05 06:30:00,5.1,5.5,8.9,215.0,81.0,2.1,,1001.8,72157.0,7.0
2020-11-05 06:40:00,5.2,5.4,10.0,221.0,81.0,2.1,,1001.6,75000.0,7.0
2020-11-05 06:50:00,5.1,5.9,9.7,224.0,81.0,2.2,,1001.5,71212.0,8.0
2020-11-05 07:00:00,5.1,5.0,8.7,219.0,81.0,2.2,,1001.2,70007.0,6.0
2020-11-05 07:10:00,5.1,5.7,9.4,218.0,82.0,2.2,,1001.1,71307.0,5.0
2020-11-05 07:20:00,5.2,5.3,9.2,213.0,81.0,2.3,,1000.9,72793.0,6.0
2020-11-05 07:30:00,5.3,6.3,10.4,220.0,81.0,2.3,,1000.8,75000.0,7.0
2020-11-05 07:40:00,5.4,6.4,11.2,216.0,80.0,2.2,,1000.4,69278.0,7.0
2020-11-05 07:50:00,5.5,6.7,13.1,215.0,79.0,2.2,,1000.2,68506.0,7.0
2020-11-05 08:00:00,5.5,6.4,12.1,217.0,80.0,2.2,,999.9,75000.0,7.0
2020-11-05 08:10:00,5.5,6.2,10.5,212.0,79.0,2.2,,999.6,72343.0,7.0
2020-11-05 08:20:00,5.6,5.8,10.7,214.0,79.0,2.3,,999.5,72624.0,7.0
2020-11-05 08:30:00,5.6,7.5,12.9,213.0,79.0,2.2,,999.2,71317.0,7.0
2020-11-05 08:40:00,5.7,6.8,11.4,214.0,78.0,2.2,,999.1,69524.0,7.0
2020-11-05 08:50:00,5.8,6.3,10.2,216.0,77.0,2.1,,998.8,70335.0,7.0
2020-11-05 09:00:00,5.8,6.6,14.1,218.0,76.0,1.9,,998.5,75000.0,7.0
2020-11-05 09:10:00,5.9,7.0,12.7,225.0,75.0,1.9,,998.2,72417.0,8.0
2020-11-05 09:20:00,6.0,7.1,11.5,220.0,75.0,1.9,,997.9,73119.0,8.0
2020-11-05 09:30:00,6.0,6.6,11.0,227.0,75.0,1.9,,997.9,37550.0,8.0
2020-11-05 09:40:00,5.8,8.7,14.4,231.0,77.0,2.2,,997.8,15720.0,8.0
2020-11-05 09:50:00,5.6,8.1,13.2,237.0,81.0,2.5,,997.8,11266.0,8.0
2020-11-05 10:00:00,5.5,7.7,13.2,234.0,83.0,2.8,,997.6,13487.0,8.0
2020-11-05 10:10:00,5.3,7.1,12.1,236.0,85.0,3.1,,997.6,13525.0,8.0
2020-11-05 10:20:00,5.5,7.5,14.7,231.0,83.0,2.8,,997.2,23336.0,8.0
2020-11-05 10:30:00,5.7,7.6,12.0,242.0,81.0,2.8,,997.4,67716.0,8.0
2020-11-05 10:40:00,5.8,6.5,12.1,235.0,82.0,3.0,,997.3,71434.0,8.0
2020-11-05 10:50:00,6.1,5.9,9.8,246.0,80.0,2.9,,997.3,68521.0,8.0
2020-11-05 11:00:00,6.4,8.1,15.3,246.0,78.0,2.9,,997.2,61447.0,8.0
2020-11-05 11:10:00,6.6,7.7,12.8,250.0,78.0,3.0,,997.2,49734.0,8.0
2020-11-05 11:20:00,6.4,8.0,12.4,249.0,82.0,3.5,,997.3,33585.0,8.0
2020-11-05 11:30:00,6.8,7.6,12.5,255.0,79.0,3.3,,997.3,69478.0,8.0
2020-11-05 11:40:00,6.8,7.7,12.6,257.0,78.0,3.3,,997.3,62185.0,8.0
2020-11-05 11:50:00,7.0,8.2,13.6,262.0,78.0,3.4,,997.4,35508.0,7.0
2020-11-05 12:00:00,7.1,6.9,12.4,264.0,78.0,3.5,,997.5,38495.0,7.0
2020-11-05 12:10:00,7.2,7.8,14.0,268.0,77.0,3.4,,997.5,75000.0,7.0
2020-11-05 12:20:00,7.3,8.3,13.8,281.0,75.0,3.3,,997.5,75000.0,7.0
2020-11-05 12:30:00,7.4,8.0,12.7,277.0,74.0,3.0,,997.8,75000.0,5.0
2020-11-05 12:40:00,7.3,7.4,13.1,275.0,75.0,3.2,,997.9,75000.0,4.0
2020-11-05 12:50:00,7.4,8.0,12.4,274.0,76.0,3.3,,997.8,75000.0,5.0
2020-11-05 13:00:00,7.2,7.9,13.7,274.0,77.0,3.3,,998.1,75000.0,3.0
2020-11-04 13:12:00,6.6,2.7,4.3,183.0,79.0,3.2,,1011.3,53768.0,2.0
2020-11-04 13:13:00,6.5,2.6,4.3,184.0,79.0,3.1,,1011.3,52742.0,2.0
2020-11-04 13:14:00,6.5,2.5,4.3,185.0,79.0,3.1,,1011.3,52159.0,2.0
2020-11-04 13:15:00,6.5,2.5,4.3,186.0,79.0,3.2,,1011.2,52438.0,2.0
2020-11-04 13:16:00,6.5,2.5,4.3,185.0,79.0,3.1,,1011.2,51903.0,4.0
2020-11-04 13:17:00,6.5,2.4,4.3,184.0,79.0,3.0,,1011.3,52519.0,4.0
2020-11-04 13:18:00,6.5,2.4,4.3,186.0,79.0,3.1,,1011.3,51856.0,4.0
2020-11-04 13:19:00,6.4,2.3,4.3,187.0,79.0,3.0,,1011.3,51914.0,4.0
2020-11-04 13:21:00,6.4,2.3,3.1,187.0,79.0,3.1,,1011.4,52148.0,6.0
2020-11-04 13:22:00,6.5,2.2,3.0,187.0,78.0,3.0,,1011.4,52312.0,6.0
2020-11-04 13:23:00,6.5,2.2,3.0,187.0,79.0,3.1,,1011.4,52529.0,6.0
2020-11-04 13:24:00,6.5,2.2,3.3,185.0,78.0,3.0,,1011.4,53411.0,6.0
2020-11-04 13:25:00,6.5,2.3,3.9,186.0,79.0,3.1,,1011.4,52058.0,6.0
2020-11-04 13:26:00,6.3,2.3,3.9,186.0,79.0,3.0,,1011.4,52589.0,4.0
2020-11-04 13:27:00,6.4,2.3,3.9,186.0,79.0,3.0,,1011.4,52443.0,4.0
2020-11-04 13:28:00,6.3,2.3,3.9,183.0,79.0,3.0,,1011.4,52305.0,4.0
2020-11-04 13:29:00,6.2,2.4,3.9,181.0,79.0,2.9,,1011.4,52379.0,4.0
2020-11-04 13:31:00,6.2,2.5,3.9,179.0,80.0,3.0,,1011.3,52184.0,3.0
2020-11-04 13:32:00,6.0,2.5,3.9,178.0,80.0,2.8,,1011.3,52339.0,3.0
2020-11-04 13:33:00,6.0,2.6,3.9,178.0,80.0,2.8,,1011.4,51936.0,3.0
2020-11-04 13:34:00,6.1,2.6,3.9,178.0,80.0,3.0,,1011.3,52015.0,3.0
2020-11-04 13:35:00,6.1,2.6,3.6,176.0,80.0,3.0,,1011.3,51142.0,3.0
2020-11-04 13:36:00,6.2,2.5,3.6,175.0,80.0,3.0,,1011.3,51210.0,4.0
2020-11-04 13:37:00,6.0,2.5,3.6,175.0,80.0,2.9,,1011.3,51487.0,4.0
2020-11-04 13:38:00,6.0,2.5,3.5,175.0,81.0,2.9,,1011.3,51234.0,4.0
2020-11-04 13:39:00,5.8,2.4,3.5,174.0,81.0,2.8,,1011.4,50071.0,4.0
2020-11-04 13:41:00,6.0,2.3,3.5,172.0,81.0,3.0,,1011.4,51019.0,6.0
2020-11-04 13:42:00,5.9,2.4,3.5,170.0,81.0,2.9,,1011.4,52377.0,6.0
2020-11-04 13:43:00,5.7,2.4,4.0,168.0,81.0,2.7,,1011.4,51833.0,6.0
2020-11-04 13:44:00,5.8,2.5,4.0,167.0,82.0,2.9,,1011.3,51531.0,6.0
2020-11-04 13:45:00,5.9,2.5,4.0,166.0,81.0,2.9,,1011.3,53216.0,6.0
2020-11-04 13:46:00,5.9,2.6,4.0,166.0,81.0,2.9,,1011.3,51824.0,6.0
2020-11-04 13:47:00,5.9,2.7,4.0,164.0,81.0,2.9,,1011.3,51374.0,6.0
2020-11-04 13:48:00,5.8,2.7,4.0,163.0,81.0,2.8,,1011.3,51919.0,6.0
2020-11-04 13:49:00,5.8,2.8,4.0,164.0,82.0,2.9,,1011.3,52887.0,6.0
2020-11-04 13:51:00,5.8,2.9,4.0,163.0,82.0,2.9,,1011.3,52674.0,6.0
2020-11-04 13:52:00,5.8,2.9,4.0,163.0,81.0,2.8,,1011.3,51124.0,6.0
2020-11-04 13:53:00,5.9,2.8,3.9,162.0,82.0,2.9,,1011.2,51746.0,6.0
2020-11-04 13:54:00,5.8,2.9,4.0,163.0,81.0,2.9,,1011.2,51725.0,6.0
2020-11-04 13:55:00,5.7,2.8,4.0,162.0,81.0,2.8,,1011.2,51400.0,6.0
2020-11-04 13:56:00,5.7,2.8,4.0,162.0,82.0,2.9,,1011.1,52528.0,7.0
2020-11-04 13:57:00,5.7,2.9,4.0,163.0,82.0,2.9,,1011.1,51924.0,7.0
2020-11-04 13:58:00,5.7,3.0,4.2,164.0,82.0,2.9,,1011.1,50835.0,7.0
2020-11-04 13:59:00,5.7,3.0,4.2,163.0,82.0,2.8,,1011.1,50203.0,7.0
2020-11-04 14:01:00,5.6,3.1,4.2,165.0,82.0,2.8,,1011.0,49289.0,7.0
2020-11-04 14:02:00,5.6,3.1,4.2,166.0,83.0,2.9,,1011.0,48989.0,7.0
2020-11-04 14:03:00,5.5,3.0,4.2,167.0,83.0,2.8,,1011.0,49148.0,7.0
2020-11-04 14:04:00,5.4,3.0,4.2,167.0,83.0,2.7,,1011.0,49742.0,7.0
2020-11-04 14:05:00,5.5,3.0,4.2,169.0,83.0,3.0,,1011.0,50079.0,7.0
2020-11-04 14:06:00,5.4,2.9,4.2,170.0,83.0,2.8,,1011.0,50965.0,7.0
2020-11-04 14:07:00,5.5,2.9,4.2,170.0,83.0,2.9,,1011.0,51308.0,7.0
2020-11-04 14:08:00,5.4,2.8,4.2,171.0,84.0,2.8,,1011.0,51165.0,7.0
2020-11-04 14:09:00,5.4,2.7,4.0,172.0,83.0,2.8,,1011.0,50755.0,7.0
2020-11-04 14:11:00,5.4,2.6,3.5,172.0,83.0,2.8,,1010.9,49783.0,7.0
2020-11-04 14:12:00,5.4,2.6,3.5,172.0,84.0,2.8,,1010.9,50437.0,7.0
2020-11-04 14:13:00,5.4,2.6,3.5,174.0,83.0,2.8,,1010.9,50159.0,7.0
2020-11-04 14:14:00,5.5,2.7,3.5,175.0,83.0,2.9,,1010.9,48697.0,7.0
2020-11-04 14:15:00,5.5,2.6,3.5,175.0,83.0,2.8,,1010.9,48890.0,7.0
2020-11-04 14:16:00,5.4,2.7,3.5,176.0,84.0,2.9,,1010.9,48185.0,7.0
2020-11-04 14:17:00,5.4,2.7,4.3,176.0,84.0,2.8,,1010.9,48777.0,7.0
2020-11-04 14:18:00,5.2,2.8,4.3,177.0,84.0,2.8,,1010.9,49100.0,7.0
2020-11-04 14:19:00,5.1,2.9,4.3,178.0,84.0,2.6,,1010.9,49627.0,7.0
2020-11-04 14:21:00,5.3,3.1,4.3,178.0,85.0,2.9,,1010.8,49471.0,7.0
2020-11-04 14:22:00,5.3,3.1,4.3,179.0,84.0,2.8,,1010.7,48711.0,7.0
2020-11-04 14:23:00,5.2,3.1,4.3,179.0,84.0,2.7,,1010.7,47137.0,7.0
2020-11-04 14:24:00,5.2,3.1,4.3,179.0,85.0,2.8,,1010.7,47719.0,7.0
2020-11-04 14:25:00,5.1,3.1,4.3,179.0,85.0,2.8,,1010.6,47038.0,7.0
2020-11-04 14:26:00,5.1,3.1,4.3,179.0,85.0,2.7,,1010.6,46470.0,7.0
2020-11-04 14:27:00,5.2,3.1,4.3,179.0,85.0,2.9,,1010.6,46055.0,7.0
2020-11-04 14:28:00,5.3,3.1,4.3,178.0,85.0,2.9,,1010.6,45786.0,7.0
2020-11-04 14:29:00,5.4,3.1,4.3,177.0,84.0,2.9,,1010.6,46048.0,7.0
2020-11-04 14:31:00,5.2,3.0,4.2,178.0,84.0,2.7,,1010.6,45524.0,7.0
2020-11-04 14:32:00,5.1,3.0,4.2,178.0,85.0,2.8,,1010.5,45213.0,7.0
2020-11-04 14:33:00,5.1,3.0,4.2,178.0,85.0,2.8,,1010.5,46288.0,7.0
2020-11-04 14:34:00,5.0,3.0,4.2,177.0,85.0,2.8,,1010.5,46365.0,7.0
2020-11-04 14:35:00,5.0,3.0,4.2,177.0,85.0,2.8,,1010.5,47140.0,7.0
2020-11-04 14:36:00,5.1,3.0,4.2,176.0,85.0,2.9,,1010.5,47059.0,7.0
2020-11-04 14:37:00,5.2,3.0,4.2,176.0,85.0,2.9,,1010.5,46387.0,7.0
2020-11-04 14:38:00,5.2,3.0,4.2,175.0,85.0,2.9,,1010.4,46317.0,7.0
2020-11-04 14:39:00,5.1,3.1,4.2,175.0,85.0,2.8,,1010.4,45741.0,7.0
2020-11-04 14:41:00,5.0,3.1,4.1,173.0,85.0,2.8,,1010.4,46045.0,7.0
2020-11-04 14:42:00,5.1,3.1,4.4,172.0,85.0,2.8,,1010.3,45964.0,7.0
2020-11-04 14:43:00,5.0,3.2,4.4,172.0,86.0,2.8,,1010.3,45495.0,7.0
2020-11-04 14:44:00,4.9,3.2,4.4,172.0,86.0,2.7,,1010.3,45390.0,7.0
2020-11-04 14:45:00,5.0,3.3,4.4,172.0,86.0,2.8,,1010.3,45130.0,7.0
2020-11-04 14:46:00,5.0,3.4,4.7,173.0,86.0,2.9,,1010.3,45700.0,7.0
2020-11-04 14:47:00,4.9,3.4,4.7,173.0,86.0,2.7,,1010.3,45903.0,7.0
2020-11-04 14:48:00,4.9,3.4,4.7,173.0,86.0,2.8,,1010.3,46284.0,7.0
2020-11-04 14:49:00,4.9,3.4,4.8,175.0,86.0,2.8,,1010.3,45411.0,7.0
2020-11-04 14:51:00,4.9,3.4,4.8,176.0,86.0,2.8,,1010.2,45263.0,7.0
2020-11-04 14:52:00,4.8,3.3,4.8,177.0,86.0,2.7,,1010.2,45918.0,7.0
2020-11-04 14:53:00,4.8,3.2,4.8,178.0,87.0,2.7,,1010.2,46053.0,7.0
2020-11-04 14:54:00,5.0,3.0,4.8,179.0,86.0,2.9,,1010.2,45732.0,7.0
2020-11-04 14:55:00,5.0,2.9,4.8,180.0,87.0,2.9,,1010.3,45141.0,7.0
2020-11-04 14:56:00,4.8,2.7,4.8,180.0,86.0,2.7,,1010.2,44074.0,7.0
2020-11-04 14:57:00,4.8,2.6,4.8,179.0,87.0,2.8,,1010.2,44223.0,7.0
2020-11-04 14:58:00,4.9,2.5,4.8,180.0,87.0,2.8,,1010.3,44256.0,7.0
2020-11-04 14:59:00,4.9,2.5,3.7,179.0,87.0,2.9,,1010.3,44670.0,7.0
2020-11-04 15:01:00,4.7,2.4,3.7,179.0,86.0,2.6,,1010.3,45016.0,7.0
2020-11-04 15:02:00,4.7,2.4,3.7,179.0,88.0,2.8,,1010.3,44611.0,7.0
2020-11-04 15:03:00,4.7,2.4,3.7,178.0,87.0,2.8,,1010.3,44729.0,7.0
2020-11-04 15:04:00,4.7,2.3,3.7,177.0,87.0,2.7,,1010.3,44689.0,7.0
2020-11-04 15:05:00,4.6,2.3,3.7,177.0,88.0,2.7,,1010.3,44944.0,7.0
2020-11-04 15:06:00,4.7,2.3,3.7,179.0,88.0,2.8,,1010.3,45082.0,7.0
2020-11-04 15:07:00,4.7,2.2,3.7,180.0,88.0,2.9,,1010.3,44423.0,7.0
2020-11-04 15:08:00,4.7,2.1,3.5,180.0,88.0,2.8,,1010.3,43692.0,7.0
2020-11-04 15:09:00,4.7,2.0,3.3,181.0,88.0,2.9,,1010.3,43752.0,7.0
2020-11-04 15:11:00,4.7,1.9,3.1,182.0,88.0,2.8,,1010.3,42757.0,7.0
2020-11-04 15:12:00,4.6,1.9,2.9,184.0,88.0,2.8,,1010.3,43225.0,7.0
2020-11-04 15:13:00,4.8,1.9,2.9,185.0,88.0,2.9,,1010.3,43063.0,7.0
2020-11-04 15:14:00,4.7,1.8,2.9,185.0,88.0,2.9,,1010.3,43338.0,7.0
2020-11-04 15:15:00,4.7,1.8,2.9,186.0,88.0,2.8,,1010.3,42846.0,7.0
2020-11-04 15:16:00,4.6,1.8,2.9,185.0,88.0,2.8,,1010.3,42654.0,7.0
2020-11-04 15:17:00,4.5,1.8,2.9,185.0,88.0,2.7,,1010.3,42172.0,7.0
2020-11-04 15:18:00,4.5,1.7,2.8,185.0,89.0,2.8,,1010.3,42535.0,7.0
2020-11-04 15:19:00,4.6,1.7,2.8,184.0,89.0,2.9,,1010.3,42148.0,7.0
2020-11-04 15:21:00,4.6,1.7,2.5,183.0,89.0,2.9,,1010.3,42146.0,7.0
2020-11-04 15:22:00,4.4,1.7,2.5,181.0,89.0,2.8,,1010.3,41330.0,7.0
2020-11-04 15:23:00,4.5,1.7,2.5,180.0,89.0,2.8,,1010.2,41127.0,7.0
2020-11-04 15:24:00,4.5,1.7,2.5,178.0,89.0,2.9,,1010.2,40655.0,7.0
2020-11-04 15:25:00,4.5,1.7,2.5,177.0,89.0,2.9,,1010.2,40845.0,7.0
2020-11-04 15:26:00,4.5,1.7,2.5,176.0,89.0,2.9,,1010.2,40881.0,8.0
2020-11-04 15:27:00,4.5,1.7,2.5,175.0,89.0,2.9,,1010.2,40777.0,8.0
2020-11-04 15:28:00,4.3,1.7,2.5,174.0,90.0,2.7,,1010.2,41173.0,8.0
2020-11-04 15:29:00,4.3,1.7,2.3,173.0,90.0,2.8,,1010.2,41603.0,8.0
2020-11-04 15:31:00,4.4,1.8,3.0,173.0,90.0,2.9,,1010.1,41017.0,8.0
2020-11-04 15:32:00,4.5,1.9,3.0,173.0,90.0,3.1,,1010.1,41270.0,8.0
2020-11-04 15:33:00,4.4,1.9,3.0,173.0,90.0,2.9,,1010.1,41230.0,8.0
2020-11-04 15:34:00,4.3,1.9,3.1,173.0,90.0,2.9,,1010.1,40886.0,8.0
2020-11-04 15:35:00,4.3,2.0,3.1,173.0,91.0,2.8,,1010.2,40535.0,8.0
2020-11-04 15:36:00,4.1,2.0,3.1,173.0,91.0,2.7,,1010.2,40487.0,8.0
2020-11-04 15:37:00,4.1,2.0,3.1,174.0,91.0,2.7,,1010.1,40690.0,8.0
2020-11-04 15:38:00,4.2,2.0,3.1,174.0,91.0,2.9,,1010.1,40073.0,8.0
2020-11-04 15:39:00,4.3,2.0,3.1,175.0,92.0,3.0,,1010.1,39802.0,8.0
2020-11-04 15:41:00,4.2,1.9,3.1,175.0,91.0,2.9,,1010.0,39522.0,8.0
2020-11-04 15:42:00,4.3,1.9,3.1,175.0,92.0,3.1,,1010.0,39326.0,8.0
2020-11-04 15:43:00,4.3,1.9,3.1,176.0,91.0,3.0,,1010.0,40006.0,8.0
2020-11-04 15:44:00,4.2,1.9,2.4,177.0,92.0,2.9,,1010.0,40264.0,8.0
2020-11-04 15:45:00,4.2,1.9,2.4,179.0,91.0,2.9,,1009.9,40250.0,8.0
2020-11-04 15:46:00,4.3,1.9,2.4,181.0,92.0,3.0,,1009.9,40542.0,8.0
2020-11-04 15:47:00,4.3,1.8,2.4,183.0,92.0,3.0,,1009.9,41382.0,8.0
2020-11-04 15:48:00,4.3,1.8,2.4,183.0,91.0,3.0,,1009.9,41533.0,8.0
2020-11-04 15:49:00,4.3,1.8,2.5,184.0,92.0,3.0,,1009.9,41339.0,8.0
2020-11-04 15:51:00,4.2,1.9,2.7,188.0,91.0,3.0,,1009.9,42284.0,8.0
2020-11-04 15:52:00,4.3,1.9,3.0,190.0,92.0,3.2,,1009.8,42567.0,8.0
2020-11-04 15:53:00,4.3,2.0,3.0,193.0,92.0,3.1,,1009.8,42068.0,8.0
2020-11-04 15:54:00,4.3,2.1,3.2,194.0,92.0,3.1,,1009.8,41381.0,8.0
2020-11-04 15:55:00,4.3,2.1,3.2,194.0,92.0,3.1,,1009.8,41505.0,8.0
2020-11-04 15:56:00,4.2,2.2,3.2,194.0,92.0,3.0,,1009.8,41419.0,7.0
2020-11-04 15:57:00,4.2,2.2,3.2,195.0,92.0,3.0,,1009.8,40856.0,7.0
2020-11-04 15:58:00,4.3,2.2,3.2,195.0,92.0,3.1,,1009.8,40951.0,7.0
2020-11-04 15:59:00,4.2,2.3,3.3,195.0,92.0,3.1,,1009.8,41121.0,7.0
2020-11-04 16:01:00,4.1,2.3,3.4,194.0,93.0,3.0,,1009.8,41209.0,7.0
2020-11-04 16:02:00,4.2,2.4,3.4,193.0,92.0,3.0,,1009.8,40287.0,7.0
2020-11-04 16:03:00,4.3,2.3,3.4,192.0,93.0,3.2,,1009.7,40246.0,7.0
2020-11-04 16:04:00,4.3,2.3,3.4,191.0,93.0,3.2,,1009.7,40133.0,7.0
2020-11-04 16:05:00,4.2,2.3,4.1,191.0,93.0,3.1,,1009.7,39731.0,7.0
2020-11-04 16:06:00,4.2,2.4,4.3,194.0,92.0,3.1,,1009.8,39596.0,6.0
2020-11-04 16:07:00,4.1,2.4,4.3,194.0,93.0,3.0,,1009.8,39396.0,6.0
2020-11-04 16:08:00,4.2,2.4,4.3,196.0,93.0,3.1,,1009.8,39346.0,6.0
2020-11-04 16:09:00,4.2,2.3,4.3,197.0,93.0,3.2,,1009.8,38673.0,6.0
2020-11-04 16:11:00,4.3,2.3,4.3,199.0,93.0,3.2,,1009.8,37464.0,4.0
2020-11-04 16:12:00,4.2,2.4,4.3,202.0,93.0,3.1,,1009.8,37737.0,4.0
2020-11-04 16:13:00,4.2,2.3,4.3,203.0,93.0,3.1,,1009.9,37729.0,4.0
2020-11-04 16:14:00,4.2,2.3,4.3,206.0,93.0,3.1,,1009.9,38912.0,4.0
2020-11-04 16:15:00,4.1,2.2,4.3,208.0,93.0,3.1,,1009.9,38800.0,4.0
2020-11-04 16:16:00,4.1,2.1,3.5,207.0,93.0,3.0,,1009.9,38655.0,3.0
2020-11-04 16:17:00,4.1,2.1,3.5,206.0,93.0,3.1,,1009.9,38261.0,3.0
2020-11-04 16:18:00,4.1,2.1,3.5,206.0,93.0,3.1,,1009.9,37876.0,3.0
2020-11-04 16:19:00,4.1,2.1,3.5,206.0,93.0,3.1,,1009.9,38434.0,3.0
2020-11-04 16:21:00,4.2,1.9,3.4,205.0,93.0,3.2,,1009.8,38087.0,4.0
2020-11-04 16:22:00,4.1,1.7,3.0,204.0,93.0,3.1,,1009.8,37664.0,4.0
2020-11-04 16:23:00,4.1,1.7,3.0,203.0,93.0,3.2,,1009.8,37322.0,4.0
2020-11-04 16:24:00,4.1,1.7,3.0,201.0,93.0,3.1,,1009.8,36475.0,4.0
2020-11-04 16:25:00,4.1,1.6,3.0,200.0,93.0,3.2,,1009.8,36677.0,4.0
2020-11-04 16:26:00,4.1,1.6,3.0,199.0,93.0,3.1,,1009.8,36545.0,4.0
2020-11-04 16:27:00,4.2,1.5,3.0,200.0,93.0,3.3,,1009.8,36527.0,4.0
2020-11-04 16:28:00,4.2,1.5,2.4,200.0,94.0,3.2,,1009.8,36314.0,4.0
2020-11-04 16:29:00,4.0,1.5,2.6,199.0,93.0,3.0,,1009.8,36223.0,4.0
2020-11-04 16:31:00,4.0,1.7,3.0,198.0,93.0,3.1,,1009.7,36299.0,3.0
2020-11-04 16:32:00,4.0,1.8,3.2,198.0,94.0,3.0,,1009.7,36279.0,3.0
2020-11-04 16:33:00,3.9,1.8,3.2,196.0,94.0,3.0,,1009.7,36424.0,3.0
2020-11-04 16:34:00,3.8,1.9,3.2,194.0,94.0,2.9,,1009.7,35916.0,3.0
2020-11-04 16:35:00,4.1,2.0,3.2,191.0,94.0,3.3,,1009.6,35888.0,3.0
2020-11-04 16:36:00,4.1,2.1,3.2,189.0,95.0,3.4,,1009.6,35341.0,4.0
2020-11-04 16:37:00,4.1,2.3,3.2,186.0,95.0,3.4,,1009.6,35316.0,4.0
2020-11-04 16:38:00,4.0,2.3,3.2,184.0,94.0,3.2,,1009.5,35836.0,4.0
2020-11-04 16:39:00,3.9,2.4,3.2,182.0,94.0,3.1,,1009.5,35529.0,4.0
2020-11-04 16:41:00,4.0,2.5,3.6,177.0,95.0,3.2,,1009.5,35562.0,6.0
2020-11-04 16:42:00,3.9,2.5,3.6,175.0,95.0,3.1,,1009.5,36003.0,6.0
2020-11-04 16:43:00,3.9,2.6,3.6,173.0,94.0,3.0,,1009.5,35765.0,6.0
2020-11-04 16:44:00,3.9,2.7,3.6,173.0,94.0,3.0,,1009.5,35982.0,6.0
2020-11-04 16:45:00,3.9,2.6,3.6,172.0,94.0,3.1,,1009.5,36295.0,6.0
2020-11-04 16:46:00,4.0,2.6,3.6,170.0,95.0,3.2,,1009.5,36506.0,6.0
2020-11-04 16:47:00,4.0,2.6,3.7,170.0,95.0,3.3,,1009.5,36585.0,6.0
2020-11-04 16:48:00,4.0,2.7,3.7,170.0,95.0,3.2,,1009.5,36132.0,6.0
2020-11-04 16:49:00,4.0,2.6,3.7,170.0,95.0,3.2,,1009.5,35796.0,6.0
2020-11-04 16:51:00,4.1,2.6,3.7,172.0,95.0,3.3,,1009.5,36105.0,6.0
2020-11-04 16:52:00,4.0,2.5,3.7,173.0,95.0,3.2,,1009.5,35895.0,6.0
2020-11-04 16:53:00,3.9,2.4,3.7,174.0,94.0,3.0,,1009.5,36987.0,6.0
2020-11-04 16:54:00,4.1,2.3,3.7,174.0,94.0,3.3,,1009.5,37606.0,6.0
2020-11-04 16:55:00,4.1,2.2,3.7,175.0,95.0,3.3,,1009.5,36868.0,6.0
2020-11-04 16:56:00,4.1,2.1,3.7,177.0,95.0,3.3,,1009.5,36919.0,7.0
2020-11-04 16:57:00,4.0,2.0,3.7,180.0,95.0,3.2,,1009.5,36982.0,7.0
2020-11-04 16:58:00,4.0,1.9,3.2,181.0,94.0,3.2,,1009.5,36754.0,7.0
2020-11-04 16:59:00,4.1,1.8,3.2,184.0,94.0,3.3,,1009.6,37386.0,7.0
2020-11-04 17:01:00,3.9,1.7,2.8,185.0,94.0,3.0,,1009.6,36618.0,7.0
2020-11-04 17:02:00,3.8,1.7,2.7,187.0,95.0,3.1,,1009.6,36055.0,7.0
2020-11-04 17:03:00,3.8,1.7,2.7,189.0,95.0,3.1,,1009.6,34774.0,7.0
2020-11-04 17:04:00,3.8,1.6,2.4,191.0,95.0,3.0,,1009.6,34209.0,7.0
2020-11-04 17:05:00,3.8,1.6,2.4,193.0,95.0,3.1,,1009.6,34447.0,7.0
2020-11-04 17:06:00,3.8,1.6,2.4,194.0,95.0,3.1,,1009.6,34570.0,7.0
2020-11-04 17:07:00,3.7,1.6,2.5,194.0,95.0,3.0,,1009.6,34261.0,7.0
2020-11-04 17:08:00,3.7,1.6,2.5,193.0,95.0,3.0,,1009.6,34213.0,7.0
2020-11-04 17:09:00,3.7,1.6,2.5,191.0,95.0,3.0,,1009.6,33709.0,7.0
2020-11-04 17:11:00,3.7,1.6,2.5,190.0,96.0,3.1,,1009.6,33688.0,7.0
2020-11-04 17:12:00,3.6,1.6,2.5,189.0,96.0,3.0,,1009.6,33983.0,7.0
2020-11-04 17:13:00,3.6,1.6,2.5,187.0,96.0,3.0,,1009.6,33613.0,7.0
2020-11-04 17:14:00,3.6,1.6,2.5,185.0,97.0,3.1,,1009.6,32946.0,7.0
2020-11-04 17:15:00,3.5,1.6,2.5,183.0,96.0,3.0,,1009.6,32759.0,7.0
2020-11-04 17:16:00,3.6,1.6,2.5,181.0,96.0,3.0,,1009.6,32655.0,7.0
2020-11-04 17:17:00,3.7,1.6,2.4,180.0,96.0,3.1,,1009.5,32244.0,7.0
2020-11-04 17:18:00,3.7,1.7,2.5,180.0,96.0,3.2,,1009.5,32362.0,7.0
2020-11-04 17:19:00,3.7,1.7,3.3,178.0,96.0,3.1,,1009.5,32488.0,7.0
2020-11-04 17:21:00,3.8,1.7,3.3,178.0,96.0,3.2,,1009.4,32487.0,7.0
2020-11-04 17:22:00,3.7,1.8,3.3,178.0,96.0,3.1,,1009.4,32313.0,7.0
2020-11-04 17:23:00,3.7,1.8,3.3,179.0,95.0,3.0,,1009.4,32687.0,7.0
2020-11-04 17:24:00,3.9,1.8,3.3,180.0,95.0,3.2,,1009.4,33339.0,7.0
2020-11-04 17:25:00,3.9,1.9,3.4,181.0,95.0,3.2,,1009.3,33739.0,7.0
2020-11-04 17:26:00,4.0,1.9,3.4,180.0,95.0,3.2,,1009.4,33834.0,7.0
2020-11-04 17:27:00,4.1,1.9,3.5,182.0,94.0,3.3,,1009.4,34402.0,7.0
2020-11-04 17:28:00,4.1,1.9,3.5,184.0,94.0,3.2,,1009.3,34528.0,7.0
2020-11-04 17:29:00,4.2,1.9,3.5,185.0,94.0,3.2,,1009.3,34888.0,7.0
2020-11-04 17:31:00,4.2,2.2,4.1,189.0,93.0,3.2,,1009.3,35085.0,7.0
2020-11-04 17:32:00,4.0,2.3,4.1,190.0,94.0,3.1,,1009.3,35827.0,7.0
2020-11-04 17:33:00,4.0,2.4,4.1,190.0,93.0,3.0,,1009.3,36477.0,7.0
2020-11-04 17:34:00,4.2,2.4,4.1,191.0,94.0,3.2,,1009.3,36661.0,7.0
2020-11-04 17:35:00,4.1,2.4,4.1,193.0,94.0,3.2,,1009.2,36290.0,7.0
2020-11-04 17:36:00,4.2,2.6,4.1,197.0,93.0,3.2,,1009.2,36768.0,7.0
2020-11-04 17:37:00,4.3,2.7,4.1,199.0,93.0,3.3,,1009.2,37157.0,7.0
2020-11-04 17:38:00,4.3,2.8,4.2,202.0,93.0,3.3,,1009.2,36276.0,7.0
2020-11-04 17:39:00,4.4,2.9,4.2,206.0,92.0,3.2,,1009.2,36424.0,7.0
2020-11-04 17:41:00,4.5,2.7,4.2,209.0,92.0,3.3,,1009.2,37523.0,7.0
2020-11-04 17:42:00,4.6,2.7,4.2,210.0,91.0,3.3,,1009.2,37466.0,7.0
2020-11-04 17:43:00,4.6,2.6,4.2,211.0,92.0,3.3,,1009.2,37569.0,7.0
2020-11-04 17:44:00,4.6,2.6,4.2,214.0,91.0,3.3,,1009.1,37570.0,7.0
2020-11-04 17:45:00,4.7,2.6,4.2,216.0,91.0,3.3,,1009.1,38777.0,7.0
2020-11-04 17:46:00,4.7,2.5,4.2,218.0,91.0,3.3,,1009.1,38402.0,7.0
2020-11-04 17:47:00,4.8,2.5,4.5,218.0,90.0,3.3,,1009.0,38473.0,7.0
2020-11-04 17:48:00,4.7,2.4,4.5,217.0,91.0,3.3,,1009.1,39264.0,7.0
2020-11-04 17:49:00,4.7,2.3,4.5,216.0,91.0,3.3,,1009.1,39074.0,7.0
2020-11-04 17:51:00,4.7,2.4,4.5,216.0,91.0,3.3,,1009.0,38458.0,7.0
2020-11-04 17:52:00,4.8,2.4,4.5,219.0,91.0,3.3,,1009.0,38778.0,7.0
2020-11-04 17:53:00,4.7,2.5,4.5,220.0,91.0,3.3,,1009.0,38540.0,7.0
2020-11-04 17:54:00,4.6,2.5,4.5,219.0,91.0,3.3,,1009.0,37634.0,7.0
2020-11-04 17:55:00,4.5,2.6,4.7,221.0,92.0,3.3,,1009.0,36765.0,7.0
2020-11-04 17:56:00,4.6,2.6,4.7,222.0,91.0,3.3,,1009.0,36776.0,7.0
2020-11-04 17:57:00,4.6,2.6,4.7,224.0,91.0,3.3,,1008.9,36488.0,7.0
2020-11-04 17:58:00,4.6,2.7,4.7,226.0,92.0,3.3,,1008.9,37348.0,7.0
2020-11-04 17:59:00,4.6,2.8,4.7,226.0,91.0,3.3,,1008.9,38209.0,7.0
2020-11-04 18:01:00,4.6,2.7,4.7,227.0,92.0,3.3,,1009.0,37855.0,7.0
2020-11-04 18:02:00,4.6,2.7,4.7,226.0,92.0,3.3,,1009.0,37175.0,7.0
2020-11-04 18:03:00,4.7,2.7,4.7,225.0,91.0,3.4,,1009.0,37271.0,7.0
2020-11-04 18:04:00,4.7,2.6,4.7,224.0,91.0,3.4,,1008.9,38096.0,7.0
2020-11-04 18:05:00,4.6,2.6,4.5,220.0,91.0,3.3,,1008.9,38850.0,7.0
2020-11-04 18:06:00,4.6,2.7,4.3,215.0,91.0,3.3,,1008.9,38452.0,7.0
2020-11-04 18:07:00,4.6,2.9,4.4,212.0,92.0,3.3,,1008.9,38415.0,7.0
2020-11-04 18:08:00,4.6,2.9,5.4,210.0,92.0,3.3,,1008.8,37552.0,7.0
2020-11-04 18:09:00,4.6,2.9,5.4,209.0,92.0,3.3,,1008.8,36867.0,7.0
2020-11-04 18:11:00,4.4,2.9,5.4,206.0,92.0,3.2,,1008.7,36731.0,7.0
2020-11-04 18:12:00,4.4,2.9,5.4,207.0,93.0,3.3,,1008.8,37166.0,7.0
2020-11-04 18:13:00,4.2,3.0,5.4,208.0,93.0,3.2,,1008.8,37109.0,7.0
2020-11-04 18:14:00,4.2,3.0,5.4,207.0,93.0,3.2,,1008.8,37439.0,7.0
2020-11-04 18:15:00,4.3,2.9,5.4,206.0,93.0,3.3,,1008.8,37420.0,7.0
2020-11-04 18:16:00,4.3,2.8,5.4,208.0,93.0,3.3,,1008.8,38102.0,7.0
2020-11-04 18:17:00,4.4,2.7,5.4,210.0,93.0,3.3,,1008.8,37898.0,7.0
2020-11-04 18:18:00,4.5,2.5,4.0,211.0,93.0,3.4,,1008.8,37878.0,7.0
2020-11-04 18:19:00,4.4,2.4,4.0,212.0,93.0,3.3,,1008.8,38013.0,7.0
2020-11-04 18:21:00,4.4,2.3,4.6,216.0,93.0,3.4,,1008.8,38543.0,7.0
2020-11-04 18:22:00,4.5,2.5,4.6,218.0,93.0,3.4,,1008.8,38488.0,7.0
2020-11-04 18:23:00,4.5,2.4,4.6,218.0,92.0,3.4,,1008.8,38612.0,7.0
2020-11-04 18:24:00,4.6,2.6,5.1,219.0,92.0,3.4,,1008.8,38191.0,7.0
2020-11-04 18:25:00,4.6,2.6,5.1,222.0,92.0,3.4,,1008.8,37412.0,7.0
2020-11-04 18:26:00,4.6,2.7,5.1,222.0,92.0,3.4,,1008.7,37338.0,7.0
2020-11-04 18:27:00,4.6,2.7,5.1,220.0,92.0,3.4,,1008.7,37872.0,7.0
2020-11-04 18:28:00,4.6,2.8,5.1,216.0,92.0,3.4,,1008.7,37906.0,7.0
2020-11-04 18:29:00,4.6,2.9,5.1,213.0,91.0,3.4,,1008.7,37722.0,7.0
2020-11-04 18:31:00,4.7,2.9,5.1,209.0,92.0,3.4,,1008.7,37508.0,7.0
2020-11-04 18:32:00,4.7,2.7,5.1,205.0,91.0,3.4,,1008.7,37556.0,7.0
2020-11-04 18:33:00,4.7,2.7,5.1,204.0,91.0,3.4,,1008.7,37508.0,7.0
2020-11-04 18:34:00,4.7,2.7,4.6,207.0,91.0,3.3,,1008.7,38011.0,7.0
2020-11-04 18:35:00,4.7,2.7,4.6,205.0,91.0,3.3,,1008.7,38407.0,7.0
2020-11-04 18:36:00,4.7,2.6,4.6,203.0,90.0,3.3,,1008.7,38877.0,7.0
2020-11-04 18:37:00,4.8,2.7,4.6,204.0,90.0,3.3,,1008.7,39175.0,7.0
2020-11-04 18:38:00,4.8,2.7,4.6,207.0,90.0,3.3,,1008.7,39409.0,7.0
2020-11-04 18:39:00,4.8,2.7,4.6,214.0,89.0,3.2,,1008.7,39052.0,7.0
2020-11-04 18:41:00,4.8,3.0,6.2,215.0,90.0,3.3,,1008.7,40656.0,7.0
2020-11-04 18:42:00,4.8,3.0,6.2,215.0,89.0,3.2,,1008.7,40059.0,7.0
2020-11-04 18:43:00,4.8,3.0,6.2,217.0,90.0,3.2,,1008.7,40254.0,7.0
2020-11-04 18:44:00,4.8,3.0,6.2,214.0,89.0,3.2,,1008.7,39731.0,7.0
2020-11-04 18:45:00,4.8,3.1,6.2,216.0,90.0,3.2,,1008.7,39780.0,7.0
2020-11-04 18:46:00,4.8,3.1,6.2,218.0,90.0,3.2,,1008.7,39404.0,7.0
2020-11-04 18:47:00,4.8,3.0,6.2,218.0,89.0,3.2,,1008.7,38649.0,7.0
2020-11-04 18:48:00,4.8,2.9,6.2,216.0,89.0,3.2,,1008.7,39151.0,7.0
2020-11-04 18:49:00,4.8,3.0,6.2,215.0,90.0,3.2,,1008.7,40019.0,7.0
2020-11-04 18:51:00,4.8,2.9,5.4,214.0,89.0,3.2,,1008.7,39652.0,7.0
2020-11-04 18:52:00,4.8,3.0,5.4,215.0,89.0,3.2,,1008.7,40526.0,7.0
2020-11-04 18:53:00,4.8,3.0,5.4,217.0,90.0,3.2,,1008.7,40724.0,7.0
2020-11-04 18:54:00,4.8,2.8,5.4,217.0,90.0,3.2,,1008.7,41188.0,7.0
2020-11-04 18:55:00,4.8,2.7,5.4,215.0,90.0,3.2,,1008.7,41369.0,7.0
2020-11-04 18:56:00,4.7,2.6,5.4,215.0,90.0,3.2,,1008.7,41260.0,7.0
2020-11-04 18:57:00,4.6,2.6,5.4,217.0,90.0,3.2,,1008.8,41889.0,7.0
2020-11-04 18:58:00,4.7,2.6,5.4,219.0,90.0,3.2,,1008.8,41112.0,7.0
2020-11-04 18:59:00,4.7,2.5,5.0,218.0,90.0,3.2,,1008.8,41363.0,7.0
2020-11-04 19:01:00,4.7,2.3,5.0,223.0,90.0,3.2,,1008.9,40775.0,7.0
2020-11-04 19:02:00,4.7,2.2,3.6,224.0,90.0,3.2,,1008.9,40637.0,7.0
2020-11-04 19:03:00,4.7,2.1,3.6,223.0,90.0,3.2,,1008.9,40047.0,7.0
2020-11-04 19:04:00,4.6,2.1,3.6,223.0,91.0,3.2,,1008.9,40204.0,7.0
2020-11-04 19:05:00,4.7,2.0,3.6,224.0,90.0,3.2,,1008.9,40097.0,7.0
2020-11-04 19:06:00,4.7,2.0,3.6,223.0,90.0,3.2,,1008.9,40288.0,7.0
2020-11-04 19:07:00,4.8,2.0,3.4,221.0,90.0,3.2,,1008.9,40029.0,7.0
2020-11-04 19:08:00,4.7,2.0,3.4,220.0,90.0,3.2,,1008.9,40278.0,7.0
2020-11-04 19:09:00,4.7,2.0,3.4,219.0,90.0,3.2,,1008.9,39797.0,7.0
2020-11-04 19:11:00,4.7,1.8,3.3,218.0,90.0,3.2,,1008.9,40203.0,7.0
2020-11-04 19:12:00,4.7,1.8,3.2,218.0,90.0,3.2,,1008.9,39897.0,7.0
2020-11-04 19:13:00,4.6,1.9,3.2,215.0,91.0,3.2,,1008.9,40200.0,7.0
2020-11-04 19:14:00,4.6,2.0,4.1,214.0,90.0,3.2,,1008.9,39442.0,7.0
2020-11-04 19:15:00,4.6,2.2,4.1,213.0,90.0,3.1,,1008.9,39965.0,7.0
2020-11-04 19:16:00,4.7,2.2,4.1,214.0,90.0,3.2,,1008.9,40246.0,7.0
2020-11-04 19:17:00,4.7,2.3,4.1,215.0,90.0,3.2,,1008.9,40671.0,7.0
2020-11-04 19:18:00,4.6,2.3,4.1,215.0,90.0,3.2,,1008.9,40715.0,7.0
2020-11-04 19:19:00,4.6,2.2,4.1,214.0,90.0,3.2,,1008.8,40731.0,7.0
2020-11-04 19:21:00,4.6,2.3,4.2,212.0,90.0,3.2,,1008.8,40724.0,7.0
2020-11-04 19:22:00,4.7,2.4,4.2,213.0,89.0,3.1,,1008.8,41058.0,7.0
2020-11-04 19:23:00,4.7,2.4,4.2,213.0,90.0,3.1,,1008.8,41036.0,7.0
2020-11-04 19:24:00,4.6,2.4,4.2,213.0,90.0,3.1,,1008.8,41264.0,7.0
2020-11-04 19:25:00,4.6,2.4,4.2,214.0,90.0,3.1,,1008.8,40960.0,7.0
2020-11-04 19:26:00,4.6,2.4,4.2,215.0,90.0,3.1,,1008.8,40111.0,7.0
2020-11-04 19:27:00,4.5,2.4,4.2,215.0,91.0,3.1,,1008.8,39832.0,7.0
2020-11-04 19:28:00,4.5,2.4,4.2,215.0,90.0,3.1,,1008.8,39512.0,7.0
2020-11-04 19:29:00,4.5,2.6,4.6,217.0,91.0,3.1,,1008.8,39309.0,7.0
2020-11-04 19:31:00,4.5,2.7,4.6,216.0,90.0,3.1,,1008.8,38670.0,7.0
2020-11-04 19:32:00,4.5,2.6,4.6,216.0,91.0,3.1,,1008.8,38514.0,7.0
2020-11-04 19:33:00,4.5,2.5,4.6,217.0,91.0,3.1,,1008.8,38325.0,7.0
2020-11-04 19:34:00,4.4,2.5,4.6,218.0,91.0,3.1,,1008.9,38690.0,7.0
2020-11-04 19:35:00,4.5,2.4,4.6,219.0,91.0,3.1,,1008.9,39269.0,7.0
2020-11-04 19:36:00,4.5,2.4,4.6,219.0,91.0,3.1,,1008.9,40012.0,7.0
2020-11-04 19:37:00,4.6,2.4,4.6,219.0,91.0,3.1,,1009.0,40219.0,7.0
2020-11-04 19:38:00,4.5,2.5,4.6,217.0,91.0,3.2,,1009.0,40788.0,7.0
2020-11-04 19:39:00,4.6,2.5,4.4,214.0,90.0,3.1,,1009.0,41163.0,7.0
2020-11-04 19:41:00,4.6,2.5,4.4,216.0,90.0,3.2,,1009.0,41756.0,7.0
2020-11-04 19:42:00,4.6,2.6,4.7,215.0,90.0,3.1,,1009.0,41724.0,7.0
2020-11-04 19:43:00,4.6,2.7,4.7,215.0,90.0,3.1,,1009.0,42634.0,7.0
2020-11-04 19:44:00,4.7,2.8,4.7,215.0,89.0,3.1,,1009.0,42340.0,7.0
2020-11-04 19:45:00,4.7,2.9,4.7,216.0,89.0,3.1,,1009.0,41601.0,7.0
2020-11-04 19:46:00,4.8,3.0,4.7,214.0,89.0,3.1,,1009.0,41829.0,7.0
2020-11-04 19:47:00,4.8,3.0,4.7,216.0,89.0,3.1,,1009.0,41776.0,7.0
2020-11-04 19:48:00,4.8,3.0,4.7,220.0,89.0,3.1,,1009.0,41844.0,7.0
2020-11-04 19:49:00,4.8,2.9,4.7,223.0,89.0,3.1,,1009.0,41567.0,7.0
2020-11-04 19:51:00,4.8,2.9,4.7,223.0,89.0,3.1,,1009.0,42534.0,7.0
2020-11-04 19:52:00,4.8,2.8,4.5,224.0,89.0,3.1,,1009.0,42667.0,7.0
2020-11-04 19:53:00,4.8,2.8,4.5,224.0,89.0,3.1,,1009.0,41646.0,7.0
2020-11-04 19:54:00,4.8,2.8,4.6,224.0,88.0,3.1,,1009.0,41561.0,7.0
2020-11-04 19:55:00,4.8,2.7,4.6,223.0,89.0,3.1,,1009.0,41133.0,7.0
2020-11-04 19:56:00,4.9,2.7,5.1,224.0,88.0,3.1,,1009.0,41414.0,7.0
2020-11-04 19:57:00,4.9,2.8,5.1,223.0,88.0,3.1,,1009.0,41446.0,7.0
2020-11-04 19:58:00,4.8,3.0,5.4,223.0,88.0,3.1,,1009.1,41373.0,7.0
2020-11-04 19:59:00,4.9,3.0,5.4,222.0,88.0,3.1,,1009.1,42252.0,7.0
2020-11-04 20:01:00,4.9,3.3,6.2,225.0,88.0,3.1,,1009.1,41683.0,8.0
2020-11-04 20:02:00,4.9,3.4,6.2,227.0,88.0,3.1,,1009.1,41943.0,8.0
2020-11-04 20:03:00,4.9,3.7,6.2,229.0,88.0,3.0,,1009.1,42759.0,8.0
2020-11-04 20:04:00,4.9,3.7,6.2,230.0,88.0,3.1,,1009.1,43271.0,8.0
2020-11-04 20:05:00,5.0,3.8,6.2,230.0,87.0,3.0,,1009.0,44127.0,8.0
2020-11-04 20:06:00,5.0,3.9,6.2,232.0,87.0,3.0,,1009.0,43788.0,8.0
2020-11-04 20:07:00,5.0,4.0,6.2,234.0,87.0,3.0,,1009.0,43940.0,8.0
2020-11-04 20:08:00,5.0,4.0,6.2,234.0,87.0,3.0,,1009.0,44081.0,8.0
2020-11-04 20:09:00,5.0,4.0,6.2,234.0,87.0,3.0,,1009.0,43572.0,8.0
2020-11-04 20:11:00,5.1,3.9,6.0,234.0,86.0,3.0,,1009.1,43674.0,8.0
2020-11-04 20:12:00,5.1,4.0,6.2,234.0,86.0,3.0,,1009.1,43550.0,8.0
2020-11-04 20:13:00,5.1,3.8,6.2,234.0,86.0,3.0,,1009.1,43110.0,8.0
2020-11-04 20:14:00,5.1,3.9,6.2,235.0,86.0,3.0,,1009.1,43100.0,8.0
2020-11-04 20:15:00,5.1,3.8,6.2,235.0,87.0,3.0,,1009.1,43250.0,8.0
2020-11-04 20:16:00,5.0,3.7,6.2,233.0,87.0,3.0,,1009.1,43596.0,8.0
2020-11-04 20:17:00,5.0,3.6,6.2,230.0,87.0,3.0,,1009.1,43382.0,8.0
2020-11-04 20:18:00,5.0,3.5,6.2,229.0,87.0,3.0,,1009.1,43517.0,8.0
2020-11-04 20:19:00,5.1,3.5,6.2,229.0,86.0,3.0,,1009.1,44301.0,8.0
2020-11-04 20:21:00,5.2,3.4,6.2,228.0,86.0,3.0,,1009.1,44917.0,8.0
2020-11-04 20:22:00,5.1,3.3,5.3,226.0,86.0,2.9,,1009.1,44752.0,8.0
2020-11-04 20:23:00,5.1,3.4,5.3,224.0,86.0,3.0,,1009.0,46192.0,8.0
2020-11-04 20:24:00,5.1,3.4,5.3,220.0,86.0,2.9,,1009.0,46804.0,8.0
2020-11-04 20:25:00,5.1,3.4,5.3,220.0,86.0,2.9,,1009.0,46510.0,8.0
2020-11-04 20:26:00,5.1,3.3,5.3,221.0,87.0,3.0,,1009.0,45619.0,8.0
2020-11-04 20:27:00,5.1,3.4,5.3,221.0,86.0,3.0,,1009.0,46594.0,8.0
2020-11-04 20:28:00,5.1,3.4,5.3,222.0,86.0,3.0,,1009.0,46692.0,8.0
2020-11-04 20:29:00,5.2,3.4,5.3,222.0,86.0,3.0,,1009.0,45857.0,8.0
2020-11-04 20:31:00,5.2,3.5,5.3,221.0,86.0,3.0,,1009.0,46311.0,8.0
2020-11-04 20:32:00,5.3,3.5,5.0,220.0,85.0,2.9,,1008.9,46389.0,8.0
2020-11-04 20:33:00,5.2,3.3,5.0,220.0,86.0,3.0,,1008.9,45199.0,8.0
2020-11-04 20:34:00,5.2,3.2,4.9,221.0,85.0,3.0,,1008.9,45212.0,8.0
2020-11-04 20:35:00,5.2,3.3,5.2,223.0,86.0,3.0,,1009.0,45018.0,8.0
2020-11-04 20:36:00,5.2,3.3,5.2,223.0,86.0,3.0,,1009.0,45052.0,8.0
2020-11-04 20:37:00,5.2,3.2,5.2,223.0,85.0,3.0,,1008.9,44231.0,8.0
2020-11-04 20:38:00,5.2,3.2,5.2,224.0,85.0,2.9,,1009.0,44491.0,8.0
2020-11-04 20:39:00,5.2,3.1,5.2,223.0,86.0,3.0,,1009.0,45043.0,8.0
2020-11-04 20:41:00,5.2,2.9,5.2,224.0,85.0,3.0,,1009.0,44550.0,8.0
2020-11-04 20:42:00,5.2,2.9,5.2,223.0,86.0,3.0,,1009.0,44956.0,8.0
2020-11-04 20:43:00,5.2,2.9,5.2,223.0,86.0,3.0,,1008.9,45338.0,8.0
2020-11-04 20:44:00,5.2,2.8,5.2,223.0,85.0,3.0,,1009.0,44651.0,8.0
2020-11-04 20:45:00,5.2,2.8,4.7,221.0,86.0,3.0,,1008.9,44423.0,8.0
2020-11-04 20:46:00,5.2,2.9,5.7,217.0,85.0,3.0,,1008.9,45483.0,8.0
2020-11-04 20:47:00,5.2,3.1,5.9,218.0,86.0,3.0,,1008.9,45555.0,8.0
2020-11-04 20:48:00,5.2,3.2,5.9,216.0,86.0,3.0,,1008.9,45185.0,8.0
2020-11-04 20:49:00,5.2,3.2,5.9,216.0,86.0,3.0,,1008.9,44852.0,8.0
2020-11-04 20:51:00,5.2,3.4,5.9,218.0,85.0,3.0,,1008.9,44985.0,8.0
2020-11-04 20:52:00,5.2,3.5,5.9,217.0,86.0,3.0,,1008.9,45095.0,8.0
2020-11-04 20:53:00,5.2,3.6,5.9,217.0,86.0,3.1,,1008.9,45384.0,8.0
2020-11-04 20:54:00,5.2,3.8,5.9,216.0,86.0,3.1,,1008.9,45330.0,8.0
2020-11-04 20:55:00,5.2,3.9,5.9,216.0,86.0,3.0,,1008.8,45308.0,8.0
2020-11-04 20:56:00,5.2,3.8,5.9,218.0,86.0,3.0,,1008.8,44712.0,8.0
2020-11-04 20:57:00,5.3,3.7,5.8,217.0,86.0,3.0,,1008.8,44983.0,8.0
2020-11-04 20:58:00,5.3,3.7,5.8,216.0,85.0,3.0,,1008.8,45385.0,8.0
2020-11-04 20:59:00,5.3,3.8,5.8,215.0,85.0,3.0,,1008.8,44348.0,8.0
2020-11-04 21:01:00,5.2,3.8,5.8,214.0,86.0,3.0,,1008.9,42194.0,8.0
2020-11-04 21:02:00,5.3,3.8,5.8,213.0,86.0,3.0,,1008.8,41039.0,8.0
2020-11-04 21:03:00,5.2,3.7,5.8,211.0,86.0,3.0,,1008.8,39253.0,8.0
2020-11-04 21:04:00,5.2,3.7,5.8,211.0,86.0,3.0,,1008.7,39286.0,8.0
2020-11-04 21:05:00,5.2,3.6,5.3,210.0,86.0,3.0,,1008.7,39911.0,8.0
2020-11-04 21:06:00,5.3,3.4,5.3,208.0,85.0,3.0,,1008.7,40439.0,8.0
2020-11-04 21:07:00,5.3,3.4,5.3,207.0,85.0,3.0,,1008.6,40277.0,8.0
2020-11-04 21:08:00,5.3,3.4,5.3,206.0,85.0,3.0,,1008.6,40205.0,8.0
2020-11-04 21:09:00,5.3,3.5,5.3,207.0,85.0,3.0,,1008.6,41284.0,8.0
2020-11-04 21:11:00,5.2,3.5,5.3,202.0,86.0,3.0,,1008.7,42850.0,8.0
2020-11-04 21:12:00,5.2,3.5,5.3,201.0,86.0,3.1,,1008.6,44088.0,8.0
2020-11-04 21:13:00,5.2,3.5,5.8,203.0,86.0,3.0,,1008.6,46531.0,8.0
2020-11-04 21:14:00,5.2,3.5,5.8,203.0,86.0,3.0,,1008.6,46884.0,8.0
2020-11-04 21:15:00,5.3,3.4,5.8,203.0,85.0,3.0,,1008.5,46956.0,8.0
2020-11-04 21:16:00,5.2,3.5,5.8,204.0,86.0,3.0,,1008.5,46278.0,8.0
2020-11-04 21:17:00,5.2,3.5,5.8,204.0,86.0,3.0,,1008.5,46571.0,8.0
2020-11-04 21:18:00,5.2,3.4,5.8,203.0,86.0,3.0,,1008.5,45519.0,8.0
2020-11-04 21:19:00,5.2,3.3,5.8,202.0,86.0,3.0,,1008.5,44676.0,8.0
2020-11-04 21:21:00,5.2,3.4,5.8,202.0,86.0,3.0,,1008.5,44948.0,8.0
2020-11-04 21:22:00,5.2,3.5,5.8,202.0,86.0,3.1,,1008.5,45293.0,8.0
2020-11-04 21:23:00,5.1,3.4,5.4,202.0,86.0,3.0,,1008.4,45245.0,8.0
2020-11-04 21:24:00,5.1,3.5,5.5,203.0,86.0,3.0,,1008.4,44672.0,8.0
2020-11-04 21:25:00,5.1,3.5,5.5,203.0,86.0,3.0,,1008.4,44850.0,8.0
2020-11-04 21:26:00,5.1,3.5,5.5,201.0,87.0,3.0,,1008.3,44947.0,8.0
2020-11-04 21:27:00,5.1,3.5,5.5,200.0,86.0,3.0,,1008.3,44708.0,8.0
2020-11-04 21:28:00,5.1,3.7,6.2,202.0,86.0,3.0,,1008.3,45351.0,8.0
2020-11-04 21:29:00,5.1,3.7,6.2,201.0,87.0,3.0,,1008.3,45557.0,8.0
2020-11-04 21:31:00,5.0,3.7,6.2,203.0,87.0,3.0,,1008.3,45050.0,7.0
2020-11-04 21:32:00,5.0,3.6,6.2,204.0,87.0,3.0,,1008.3,44684.0,7.0
2020-11-04 21:33:00,5.1,3.7,6.2,203.0,87.0,3.0,,1008.3,44613.0,7.0
2020-11-04 21:34:00,4.9,3.5,6.2,201.0,87.0,3.0,,1008.3,45428.0,7.0
2020-11-04 21:35:00,4.9,3.6,6.2,200.0,87.0,2.9,,1008.3,44707.0,7.0
2020-11-04 21:36:00,4.8,3.7,6.2,201.0,87.0,2.9,,1008.3,45163.0,7.0
2020-11-04 21:37:00,4.9,3.6,6.2,201.0,87.0,3.0,,1008.3,45164.0,7.0
2020-11-04 21:38:00,4.8,3.5,5.9,199.0,87.0,2.9,,1008.3,45409.0,7.0
2020-11-04 21:39:00,4.9,3.4,5.9,200.0,87.0,2.9,,1008.2,45661.0,7.0
2020-11-04 21:41:00,4.9,3.2,4.7,196.0,87.0,2.9,,1008.2,46579.0,5.0
2020-11-04 21:42:00,4.9,3.2,4.7,195.0,87.0,2.9,,1008.2,46451.0,5.0
2020-11-04 21:43:00,4.9,3.1,4.7,193.0,87.0,2.9,,1008.1,45765.0,5.0
2020-11-04 21:44:00,4.9,3.0,4.7,192.0,87.0,2.9,,1008.1,45842.0,5.0
2020-11-04 21:45:00,4.8,2.9,4.3,192.0,87.0,2.9,,1008.1,46406.0,5.0
2020-11-04 21:46:00,4.8,2.7,4.3,189.0,87.0,2.8,,1008.1,46372.0,5.0
2020-11-04 21:47:00,4.7,2.7,4.3,189.0,88.0,2.8,,1008.1,46550.0,5.0
2020-11-04 21:48:00,4.8,2.6,4.3,188.0,87.0,2.9,,1008.1,46677.0,5.0
2020-11-04 21:49:00,4.8,2.6,4.2,187.0,87.0,2.9,,1008.1,46317.0,5.0
2020-11-04 21:51:00,4.6,2.4,4.2,185.0,88.0,2.8,,1008.1,46226.0,4.0
2020-11-04 21:52:00,4.5,2.3,4.2,186.0,88.0,2.7,,1008.1,45993.0,4.0
2020-11-04 21:53:00,4.6,2.4,4.2,188.0,88.0,2.8,,1008.1,46878.0,4.0
2020-11-04 21:54:00,4.7,2.4,4.2,188.0,88.0,2.9,,1008.0,46257.0,4.0
2020-11-04 21:55:00,4.5,2.4,4.2,188.0,88.0,2.7,,1008.0,46620.0,4.0
2020-11-04 21:56:00,4.5,2.4,4.2,188.0,88.0,2.7,,1008.0,46439.0,3.0
2020-11-04 21:57:00,4.5,2.4,4.2,187.0,89.0,2.8,,1008.0,46087.0,3.0
2020-11-04 21:58:00,4.4,2.4,4.2,187.0,89.0,2.7,,1007.9,45509.0,3.0
2020-11-04 21:59:00,4.5,2.3,4.1,186.0,88.0,2.7,,1007.9,46402.0,3.0
2020-11-04 22:01:00,4.5,2.3,4.1,188.0,88.0,2.8,,1008.0,45488.0,2.0
2020-11-04 22:02:00,4.5,2.3,4.1,187.0,89.0,2.7,,1008.0,46305.0,2.0
2020-11-04 22:03:00,4.5,2.2,3.2,188.0,89.0,2.8,,1008.0,45261.0,2.0
2020-11-04 22:04:00,4.5,2.3,3.4,189.0,89.0,2.8,,1008.0,45327.0,2.0
2020-11-04 22:05:00,4.6,2.4,3.5,191.0,89.0,2.8,,1008.0,44819.0,2.0
2020-11-04 22:06:00,4.6,2.4,3.5,193.0,89.0,2.9,,1008.0,43935.0,4.0
2020-11-04 22:07:00,4.6,2.5,3.7,194.0,89.0,2.9,,1008.1,44173.0,4.0
2020-11-04 22:08:00,4.5,2.5,3.7,195.0,89.0,2.8,,1008.1,44396.0,4.0
2020-11-04 22:09:00,4.5,2.6,4.0,196.0,89.0,2.8,,1008.0,43554.0,4.0
2020-11-04 22:11:00,4.5,2.8,4.0,197.0,89.0,2.9,,1008.0,44417.0,5.0
2020-11-04 22:12:00,4.5,2.8,4.0,196.0,89.0,2.8,,1008.0,43511.0,5.0
2020-11-04 22:13:00,4.2,2.8,4.0,197.0,89.0,2.7,,1008.0,43591.0,5.0
2020-11-04 22:14:00,4.4,2.8,4.0,198.0,89.0,2.7,,1008.0,43970.0,5.0
2020-11-04 22:15:00,4.5,2.8,4.0,199.0,89.0,2.9,,1008.0,43834.0,5.0
2020-11-04 22:16:00,4.4,2.8,4.0,199.0,89.0,2.8,,1008.0,44953.0,5.0
2020-11-04 22:17:00,4.5,2.8,4.0,201.0,89.0,2.8,,1008.1,44603.0,5.0
2020-11-04 22:18:00,4.5,2.8,4.0,204.0,89.0,2.9,,1008.1,45060.0,5.0
2020-11-04 22:19:00,4.5,2.6,4.0,206.0,89.0,2.9,,1008.1,45455.0,5.0
2020-11-04 22:21:00,4.6,2.5,4.0,207.0,89.0,2.9,,1008.1,45397.0,5.0
2020-11-04 22:22:00,4.6,2.4,4.0,208.0,88.0,2.9,,1008.1,45855.0,5.0
2020-11-04 22:23:00,4.7,2.5,4.0,208.0,89.0,2.9,,1008.1,46629.0,5.0
2020-11-04 22:24:00,4.7,2.5,4.0,206.0,88.0,2.9,,1008.1,46693.0,5.0
2020-11-04 22:25:00,4.6,2.5,4.3,205.0,89.0,2.9,,1008.1,46915.0,5.0
2020-11-04 22:26:00,4.6,2.6,4.3,204.0,88.0,2.9,,1008.0,46650.0,7.0
2020-11-04 22:27:00,4.6,2.6,4.3,202.0,89.0,2.9,,1008.0,47058.0,7.0
2020-11-04 22:28:00,4.5,2.6,4.3,200.0,89.0,2.9,,1008.1,46578.0,7.0
2020-11-04 22:29:00,4.6,2.7,4.3,200.0,89.0,2.9,,1008.0,46493.0,7.0
2020-11-04 22:31:00,4.7,2.9,4.3,199.0,88.0,3.0,,1008.0,45535.0,7.0
2020-11-04 22:32:00,4.7,2.9,4.3,199.0,88.0,3.0,,1008.0,45376.0,7.0
2020-11-04 22:33:00,4.7,2.9,4.3,199.0,89.0,3.0,,1008.0,45356.0,7.0
2020-11-04 22:34:00,4.8,2.9,4.3,201.0,88.0,3.0,,1008.0,44783.0,7.0
2020-11-04 22:35:00,4.7,2.9,4.1,203.0,88.0,3.0,,1008.0,44856.0,7.0
2020-11-04 22:36:00,4.7,2.9,4.1,205.0,88.0,3.0,,1008.0,44149.0,7.0
2020-11-04 22:37:00,4.7,2.9,4.1,207.0,89.0,3.0,,1007.9,44084.0,7.0
2020-11-04 22:38:00,4.8,2.8,4.1,207.0,89.0,3.0,,1008.0,44134.0,7.0
2020-11-04 22:39:00,4.8,2.7,4.1,207.0,88.0,3.0,,1008.0,44406.0,7.0
2020-11-04 22:41:00,4.9,2.6,3.7,212.0,88.0,3.0,,1008.0,44567.0,7.0
2020-11-04 22:42:00,4.9,2.7,4.5,215.0,88.0,3.0,,1008.0,44323.0,7.0
2020-11-04 22:43:00,4.9,2.8,4.7,215.0,88.0,3.1,,1008.0,44194.0,7.0
2020-11-04 22:44:00,4.8,2.8,4.8,214.0,88.0,3.0,,1008.0,44261.0,7.0
2020-11-04 22:45:00,4.8,2.9,4.8,212.0,88.0,3.1,,1008.0,43941.0,7.0
2020-11-04 22:46:00,4.9,2.9,4.8,211.0,88.0,3.1,,1008.0,43906.0,7.0
2020-11-04 22:47:00,4.9,3.0,4.8,210.0,88.0,3.1,,1007.9,44082.0,7.0
2020-11-04 22:48:00,4.9,3.1,4.8,208.0,88.0,3.1,,1007.9,44093.0,7.0
2020-11-04 22:49:00,5.0,3.1,4.8,208.0,88.0,3.1,,1007.9,44614.0,7.0
2020-11-04 22:51:00,5.0,3.3,5.1,204.0,88.0,3.1,,1007.8,45260.0,8.0
2020-11-04 22:52:00,4.9,3.4,5.1,202.0,88.0,3.1,,1007.8,45682.0,8.0
2020-11-04 22:53:00,4.9,3.5,5.1,203.0,88.0,3.1,,1007.8,45138.0,8.0
2020-11-04 22:54:00,4.8,3.5,5.1,202.0,88.0,3.1,,1007.8,44847.0,8.0
2020-11-04 22:55:00,4.9,3.6,5.8,202.0,88.0,3.1,,1007.8,44937.0,8.0
2020-11-04 22:56:00,4.9,3.7,5.8,200.0,88.0,3.1,,1007.7,46125.0,7.0
2020-11-04 22:57:00,4.8,3.7,5.8,200.0,89.0,3.1,,1007.7,45687.0,7.0
2020-11-04 22:58:00,4.8,3.8,5.8,202.0,88.0,3.0,,1007.7,45575.0,7.0
2020-11-04 22:59:00,4.9,3.8,5.8,202.0,88.0,3.1,,1007.8,44831.0,7.0
2020-11-04 23:01:00,4.9,3.7,5.8,204.0,88.0,3.1,,1007.8,44590.0,7.0
2020-11-04 23:02:00,4.9,3.7,5.8,205.0,88.0,3.1,,1007.8,44034.0,7.0
2020-11-04 23:03:00,4.9,3.7,5.8,203.0,88.0,3.1,,1007.8,44309.0,7.0
2020-11-04 23:04:00,4.8,3.6,5.8,204.0,88.0,3.1,,1007.7,44756.0,7.0
2020-11-04 23:05:00,4.9,3.5,5.4,205.0,88.0,3.1,,1007.7,45257.0,7.0
2020-11-04 23:06:00,4.9,3.5,5.5,207.0,88.0,3.1,,1007.7,44340.0,7.0
2020-11-04 23:07:00,5.0,3.5,5.5,208.0,88.0,3.1,,1007.7,44015.0,7.0
2020-11-04 23:08:00,4.9,3.5,5.5,206.0,88.0,3.1,,1007.7,43875.0,7.0
2020-11-04 23:09:00,4.9,3.6,5.5,204.0,88.0,3.1,,1007.7,44553.0,7.0
2020-11-04 23:11:00,4.9,3.5,5.5,202.0,88.0,3.1,,1007.7,44569.0,7.0
2020-11-04 23:12:00,4.8,3.6,5.5,200.0,89.0,3.1,,1007.6,44922.0,7.0
2020-11-04 23:13:00,4.9,3.6,5.5,201.0,88.0,3.1,,1007.6,44846.0,7.0
2020-11-04 23:14:00,4.9,3.6,5.5,201.0,88.0,3.2,,1007.7,45112.0,7.0
2020-11-04 23:15:00,4.9,3.5,5.5,200.0,88.0,3.2,,1007.6,44965.0,7.0
2020-11-04 23:16:00,5.0,3.4,5.3,198.0,88.0,3.2,,1007.6,45441.0,7.0
2020-11-04 23:17:00,5.0,3.4,5.3,197.0,88.0,3.2,,1007.7,46030.0,7.0
2020-11-04 23:18:00,4.9,3.4,5.3,198.0,89.0,3.2,,1007.7,46552.0,7.0
2020-11-04 23:19:00,4.9,3.2,5.0,199.0,89.0,3.2,,1007.7,46045.0,7.0
2020-11-04 23:21:00,4.8,3.2,5.0,199.0,89.0,3.2,,1007.6,45556.0,7.0
2020-11-04 23:22:00,4.9,3.2,5.3,201.0,89.0,3.2,,1007.6,44644.0,7.0
2020-11-04 23:23:00,4.9,3.1,5.3,201.0,88.0,3.2,,1007.6,44773.0,7.0
2020-11-04 23:24:00,5.0,3.1,5.3,202.0,88.0,3.2,,1007.6,45341.0,7.0
2020-11-04 23:25:00,5.0,3.2,5.3,202.0,88.0,3.2,,1007.6,45006.0,7.0
2020-11-04 23:26:00,5.0,3.2,5.3,203.0,88.0,3.2,,1007.6,44691.0,7.0
2020-11-04 23:27:00,5.1,3.1,5.3,205.0,88.0,3.2,,1007.6,44572.0,7.0
2020-11-04 23:28:00,5.1,3.0,5.3,207.0,88.0,3.2,,1007.6,43817.0,7.0
2020-11-04 23:29:00,5.0,3.0,5.3,209.0,88.0,3.1,,1007.6,43146.0,7.0
2020-11-04 23:31:00,5.0,2.9,5.3,212.0,88.0,3.2,,1007.6,43251.0,7.0
2020-11-04 23:32:00,5.0,3.0,8.0,213.0,88.0,3.2,,1007.6,44114.0,7.0
2020-11-04 23:33:00,5.0,3.1,8.0,212.0,88.0,3.2,,1007.6,44214.0,7.0
2020-11-04 23:34:00,4.9,3.2,8.0,213.0,89.0,3.2,,1007.6,43664.0,7.0
2020-11-04 23:35:00,4.9,3.1,8.0,213.0,89.0,3.2,,1007.7,43117.0,7.0
2020-11-04 23:36:00,4.9,3.2,8.0,213.0,88.0,3.2,,1007.7,43545.0,7.0
2020-11-04 23:37:00,4.9,3.2,8.0,212.0,89.0,3.2,,1007.7,44122.0,7.0
2020-11-04 23:38:00,5.0,3.3,8.0,213.0,88.0,3.2,,1007.7,44649.0,7.0
2020-11-04 23:39:00,5.0,3.4,8.0,213.0,88.0,3.2,,1007.7,44707.0,7.0
2020-11-04 23:41:00,5.0,3.5,8.0,214.0,88.0,3.2,,1007.7,44759.0,7.0
2020-11-04 23:42:00,4.9,3.5,6.7,214.0,89.0,3.3,,1007.7,44856.0,7.0
2020-11-04 23:43:00,5.0,3.4,6.7,216.0,88.0,3.2,,1007.7,44530.0,7.0
2020-11-04 23:44:00,5.0,3.4,6.7,215.0,88.0,3.2,,1007.7,44373.0,7.0
2020-11-04 23:45:00,5.0,3.4,6.7,215.0,88.0,3.2,,1007.7,44698.0,7.0
2020-11-04 23:46:00,5.0,3.4,6.7,214.0,88.0,3.2,,1007.7,44512.0,7.0
2020-11-04 23:47:00,5.0,3.4,6.7,215.0,88.0,3.2,,1007.7,43889.0,7.0
2020-11-04 23:48:00,5.0,3.5,6.7,215.0,88.0,3.2,,1007.7,43597.0,7.0
2020-11-04 23:49:00,5.0,3.5,6.7,215.0,88.0,3.2,,1007.7,43880.0,7.0
2020-11-04 23:51:00,5.0,3.6,6.7,215.0,88.0,3.2,,1007.7,44185.0,7.0
2020-11-04 23:52:00,5.0,3.5,6.4,217.0,88.0,3.2,,1007.7,44215.0,7.0
2020-11-04 23:53:00,5.1,3.5,6.4,217.0,88.0,3.2,,1007.7,44672.0,7.0
2020-11-04 23:54:00,5.1,3.3,6.4,220.0,88.0,3.2,,1007.7,43276.0,7.0
2020-11-04 23:55:00,5.1,3.3,6.4,220.0,87.0,3.2,,1007.7,43967.0,7.0
2020-11-04 23:56:00,5.2,3.4,6.4,222.0,87.0,3.2,,1007.8,43866.0,7.0
2020-11-04 23:57:00,5.1,3.4,6.4,221.0,87.0,3.2,,1007.8,43853.0,7.0
2020-11-04 23:58:00,5.1,3.3,6.4,222.0,88.0,3.2,,1007.8,44655.0,7.0
2020-11-04 23:59:00,5.1,3.2,6.4,223.0,88.0,3.2,,1007.8,44948.0,7.0
2020-11-05 00:01:00,5.2,3.1,6.2,225.0,87.0,3.2,,1007.7,45433.0,7.0
2020-11-05 00:02:00,5.2,3.1,6.2,226.0,87.0,3.2,,1007.7,45434.0,7.0
2020-11-05 00:03:00,5.2,3.0,6.2,226.0,87.0,3.2,,1007.7,45701.0,7.0
2020-11-05 00:04:00,5.2,3.2,6.2,224.0,86.0,3.1,,1007.6,47958.0,7.0
2020-11-05 00:05:00,5.3,3.3,6.1,227.0,86.0,3.1,,1007.6,47325.0,7.0
2020-11-05 00:06:00,5.3,3.3,5.6,227.0,86.0,3.1,,1007.6,48160.0,7.0
2020-11-05 00:07:00,5.2,3.2,5.6,227.0,86.0,3.1,,1007.7,48563.0,7.0
2020-11-05 00:08:00,5.1,3.4,5.7,228.0,87.0,3.1,,1007.6,48235.0,7.0
2020-11-05 00:09:00,5.2,3.5,6.2,229.0,87.0,3.1,,1007.6,47908.0,7.0
2020-11-05 00:11:00,5.3,3.8,6.2,229.0,86.0,3.1,,1007.6,47771.0,7.0
2020-11-05 00:12:00,5.2,3.9,6.2,228.0,86.0,3.1,,1007.6,47704.0,7.0
2020-11-05 00:13:00,5.2,4.1,6.2,227.0,86.0,3.1,,1007.6,47844.0,7.0
2020-11-05 00:14:00,5.3,4.2,6.7,229.0,86.0,3.1,,1007.6,47862.0,7.0
2020-11-05 00:15:00,5.3,4.1,6.7,229.0,86.0,3.1,,1007.6,49152.0,7.0
2020-11-05 00:16:00,5.3,4.0,6.7,229.0,86.0,3.1,,1007.6,48192.0,7.0
2020-11-05 00:17:00,5.3,4.2,6.7,231.0,86.0,3.1,,1007.6,48472.0,7.0
2020-11-05 00:18:00,5.2,4.1,6.7,231.0,86.0,3.1,,1007.6,48029.0,7.0
2020-11-05 00:19:00,5.2,3.9,6.7,229.0,86.0,3.1,,1007.6,48311.0,7.0
2020-11-05 00:21:00,5.2,3.8,6.7,230.0,86.0,3.1,,1007.6,48771.0,7.0
2020-11-05 00:22:00,5.2,3.7,6.7,229.0,86.0,3.1,,1007.6,49217.0,7.0
2020-11-05 00:23:00,5.2,3.7,6.7,231.0,86.0,3.1,,1007.6,48267.0,7.0
2020-11-05 00:24:00,5.3,3.7,5.5,231.0,86.0,3.1,,1007.6,48474.0,7.0
2020-11-05 00:25:00,5.3,3.7,5.5,229.0,86.0,3.1,,1007.6,48223.0,7.0
2020-11-05 00:26:00,5.3,3.8,5.5,230.0,86.0,3.1,,1007.5,48198.0,7.0
2020-11-05 00:27:00,5.3,3.7,5.5,230.0,86.0,3.1,,1007.6,48366.0,7.0
2020-11-05 00:28:00,5.3,3.6,5.5,229.0,85.0,3.0,,1007.5,49381.0,7.0
2020-11-05 00:29:00,5.2,3.7,5.6,229.0,85.0,3.0,,1007.5,49733.0,7.0
2020-11-05 00:31:00,5.2,3.7,5.7,227.0,85.0,2.9,,1007.5,50007.0,7.0
2020-11-05 00:32:00,5.1,3.9,7.2,230.0,86.0,2.9,,1007.5,50271.0,7.0
2020-11-05 00:33:00,5.2,3.9,7.2,230.0,85.0,2.9,,1007.5,51591.0,7.0
2020-11-05 00:34:00,5.3,4.0,7.2,230.0,85.0,2.9,,1007.4,50980.0,7.0
2020-11-05 00:35:00,5.3,4.0,7.2,230.0,84.0,2.8,,1007.4,50254.0,7.0
2020-11-05 00:36:00,5.3,3.9,7.2,229.0,84.0,2.8,,1007.4,51328.0,7.0
2020-11-05 00:37:00,5.1,3.8,7.2,229.0,85.0,2.8,,1007.4,50647.0,7.0
2020-11-05 00:38:00,5.3,3.9,7.2,228.0,84.0,2.8,,1007.4,49732.0,7.0
2020-11-05 00:39:00,5.3,3.7,7.2,228.0,84.0,2.8,,1007.4,49806.0,7.0
2020-11-05 00:41:00,5.2,3.7,7.2,230.0,83.0,2.6,,1007.4,50279.0,7.0
2020-11-05 00:42:00,5.1,3.5,6.2,227.0,84.0,2.7,,1007.4,50320.0,7.0
2020-11-05 00:43:00,5.2,3.5,6.2,227.0,84.0,2.7,,1007.3,50536.0,7.0
2020-11-05 00:44:00,5.2,3.5,5.8,226.0,84.0,2.7,,1007.3,51810.0,7.0
2020-11-05 00:45:00,5.0,3.4,5.8,225.0,85.0,2.6,,1007.3,52930.0,7.0
2020-11-05 00:46:00,4.9,3.4,5.8,226.0,85.0,2.6,,1007.3,52566.0,7.0
2020-11-05 00:47:00,5.0,3.5,5.8,226.0,84.0,2.6,,1007.3,53744.0,7.0
2020-11-05 00:48:00,5.2,3.6,5.8,227.0,83.0,2.6,,1007.2,54075.0,7.0
2020-11-05 00:49:00,5.1,3.8,5.8,227.0,83.0,2.6,,1007.3,55201.0,7.0
2020-11-05 00:51:00,5.1,3.8,5.8,225.0,84.0,2.5,,1007.2,55696.0,5.0
2020-11-05 00:52:00,5.1,3.8,5.8,225.0,84.0,2.5,,1007.2,54975.0,5.0
2020-11-05 00:53:00,5.1,3.7,5.8,225.0,83.0,2.5,,1007.2,54336.0,5.0
2020-11-05 00:54:00,5.2,3.6,5.7,225.0,83.0,2.5,,1007.2,52933.0,5.0
2020-11-05 00:55:00,5.1,3.6,6.1,226.0,83.0,2.5,,1007.2,52118.0,5.0
2020-11-05 00:56:00,5.2,3.7,6.1,227.0,82.0,2.4,,1007.2,53267.0,5.0
2020-11-05 00:57:00,5.1,3.7,6.1,226.0,83.0,2.5,,1007.2,53658.0,5.0
2020-11-05 00:58:00,5.0,3.6,6.1,226.0,83.0,2.4,,1007.2,53418.0,5.0
2020-11-05 00:59:00,5.1,3.5,6.3,226.0,83.0,2.4,,1007.2,52379.0,5.0
2020-11-05 01:01:00,5.1,3.6,7.0,227.0,83.0,2.5,,1007.1,51990.0,5.0
2020-11-05 01:02:00,5.1,3.7,7.0,227.0,84.0,2.5,,1007.1,52167.0,5.0
2020-11-05 01:03:00,5.0,3.8,7.0,227.0,83.0,2.5,,1007.1,52969.0,5.0
2020-11-05 01:04:00,5.0,3.9,7.0,228.0,84.0,2.5,,1007.0,52435.0,5.0
2020-11-05 01:05:00,4.9,4.0,7.0,227.0,84.0,2.5,,1007.0,53608.0,5.0
2020-11-05 01:06:00,5.0,4.1,7.0,225.0,84.0,2.4,,1007.0,54238.0,6.0
2020-11-05 01:07:00,4.9,4.2,7.0,227.0,84.0,2.5,,1007.0,53484.0,6.0
2020-11-05 01:08:00,5.0,4.3,7.0,226.0,84.0,2.5,,1007.0,53892.0,6.0
2020-11-05 01:09:00,4.9,4.3,7.0,226.0,84.0,2.5,,1007.0,55054.0,6.0
2020-11-05 01:11:00,5.0,4.2,7.0,227.0,84.0,2.5,,1007.1,55581.0,5.0
2020-11-05 01:12:00,5.0,4.1,7.0,228.0,84.0,2.5,,1007.1,55075.0,5.0
2020-11-05 01:13:00,5.0,4.0,7.0,227.0,84.0,2.6,,1007.0,55217.0,5.0
2020-11-05 01:14:00,5.0,3.8,7.0,226.0,84.0,2.6,,1007.0,56505.0,5.0
2020-11-05 01:15:00,5.0,3.7,6.3,226.0,84.0,2.5,,1006.9,56673.0,5.0
2020-11-05 01:16:00,5.1,3.6,6.3,226.0,84.0,2.6,,1007.0,55118.0,6.0
2020-11-05 01:17:00,5.1,3.6,6.0,227.0,84.0,2.5,,1007.0,55371.0,6.0
2020-11-05 01:18:00,5.1,3.7,6.0,228.0,84.0,2.5,,1006.9,55835.0,6.0
2020-11-05 01:19:00,5.2,3.8,7.9,231.0,83.0,2.5,,1007.0,54668.0,6.0
2020-11-05 01:21:00,5.1,4.0,7.9,232.0,84.0,2.6,,1007.0,54736.0,7.0
2020-11-05 01:22:00,5.1,4.0,7.9,233.0,84.0,2.6,,1007.0,55561.0,7.0
2020-11-05 01:23:00,5.1,4.2,7.9,233.0,83.0,2.5,,1007.0,55654.0,7.0
2020-11-05 01:24:00,5.1,4.4,7.9,233.0,83.0,2.5,,1007.0,55182.0,7.0
2020-11-05 01:25:00,5.2,4.6,7.9,236.0,82.0,2.5,,1006.9,54793.0,7.0
2020-11-05 01:26:00,5.2,4.8,7.9,236.0,83.0,2.5,,1006.9,55552.0,7.0
2020-11-05 01:27:00,5.2,4.8,7.9,236.0,82.0,2.5,,1006.9,55225.0,7.0
2020-11-05 01:28:00,5.3,4.8,7.9,236.0,82.0,2.4,,1006.9,55094.0,7.0
2020-11-05 01:29:00,5.3,4.7,7.9,236.0,81.0,2.3,,1006.9,55362.0,7.0
2020-11-05 01:31:00,5.3,4.8,7.9,234.0,81.0,2.4,,1006.9,56689.0,7.0
2020-11-05 01:32:00,5.3,5.0,7.9,235.0,81.0,2.4,,1006.9,56180.0,7.0
2020-11-05 01:33:00,5.2,5.0,7.9,236.0,82.0,2.4,,1006.9,56081.0,7.0
2020-11-05 01:34:00,5.2,5.0,7.9,237.0,82.0,2.3,,1006.9,56901.0,7.0
2020-11-05 01:35:00,5.2,5.1,7.9,235.0,81.0,2.3,,1006.9,56266.0,7.0
2020-11-05 01:36:00,5.3,5.3,8.7,237.0,80.0,2.2,,1006.9,57146.0,7.0
2020-11-05 01:37:00,5.2,5.4,8.7,237.0,81.0,2.2,,1006.9,57792.0,7.0
2020-11-05 01:38:00,5.2,5.5,8.7,236.0,81.0,2.2,,1006.9,58664.0,7.0
2020-11-05 01:39:00,5.2,5.5,8.7,235.0,81.0,2.3,,1006.8,58769.0,7.0
2020-11-05 01:41:00,5.1,5.5,8.7,235.0,81.0,2.2,,1006.8,57839.0,7.0
2020-11-05 01:42:00,5.1,5.4,8.7,234.0,82.0,2.2,,1006.7,57526.0,7.0
2020-11-05 01:43:00,5.1,5.2,8.7,232.0,81.0,2.2,,1006.7,57991.0,7.0
2020-11-05 01:44:00,5.1,5.3,8.7,231.0,82.0,2.2,,1006.8,56709.0,7.0
2020-11-05 01:45:00,5.1,5.2,8.7,230.0,82.0,2.2,,1006.7,57257.0,7.0
2020-11-05 01:46:00,5.0,4.9,7.9,228.0,82.0,2.1,,1006.7,58035.0,6.0
2020-11-05 01:47:00,5.0,4.7,7.9,226.0,82.0,2.1,,1006.7,57931.0,6.0
2020-11-05 01:48:00,5.0,4.7,7.9,227.0,82.0,2.2,,1006.7,57369.0,6.0
2020-11-05 01:49:00,4.9,4.7,7.9,227.0,82.0,2.2,,1006.7,57615.0,6.0
2020-11-05 01:51:00,5.0,4.7,7.3,227.0,82.0,2.2,,1006.6,58703.0,6.0
2020-11-05 01:52:00,5.0,4.8,7.3,226.0,81.0,2.1,,1006.6,60352.0,6.0
2020-11-05 01:53:00,4.9,4.6,7.3,225.0,82.0,2.2,,1006.6,59791.0,6.0
2020-11-05 01:54:00,4.9,4.4,6.5,227.0,82.0,2.1,,1006.6,60410.0,6.0
2020-11-05 01:55:00,4.9,4.2,6.5,227.0,82.0,2.1,,1006.6,59743.0,6.0
2020-11-05 01:56:00,4.9,4.3,6.5,229.0,83.0,2.2,,1006.6,58262.0,6.0
2020-11-05 01:57:00,4.8,4.2,6.5,231.0,83.0,2.1,,1006.6,59034.0,6.0
2020-11-05 01:58:00,4.8,4.2,7.0,230.0,83.0,2.1,,1006.6,58418.0,6.0
2020-11-05 01:59:00,4.9,4.0,7.0,229.0,83.0,2.2,,1006.6,58654.0,6.0
2020-11-05 02:01:00,4.9,3.7,7.0,228.0,83.0,2.2,,1006.5,57716.0,6.0
2020-11-05 02:02:00,5.0,3.5,7.0,230.0,82.0,2.2,,1006.5,57608.0,6.0
2020-11-05 02:03:00,4.9,3.5,7.0,229.0,83.0,2.2,,1006.4,57474.0,6.0
2020-11-05 02:04:00,4.8,3.5,7.0,227.0,83.0,2.1,,1006.4,57443.0,6.0
2020-11-05 02:05:00,4.8,3.7,7.0,226.0,83.0,2.2,,1006.4,57886.0,6.0
2020-11-05 02:06:00,4.8,3.5,7.0,224.0,83.0,2.2,,1006.4,57667.0,7.0
2020-11-05 02:07:00,4.8,3.4,7.0,222.0,83.0,2.2,,1006.3,56906.0,7.0
2020-11-05 02:08:00,4.9,3.4,6.6,218.0,82.0,2.1,,1006.3,58351.0,7.0
2020-11-05 02:09:00,4.9,3.4,6.6,217.0,83.0,2.2,,1006.3,58715.0,7.0
2020-11-05 02:11:00,4.9,3.6,6.6,219.0,82.0,2.1,,1006.3,58452.0,7.0
2020-11-05 02:12:00,5.0,3.8,6.7,216.0,82.0,2.1,,1006.2,59350.0,7.0
2020-11-05 02:13:00,4.9,3.9,6.7,217.0,82.0,2.1,,1006.2,59890.0,7.0
2020-11-05 02:14:00,5.0,3.9,6.7,217.0,82.0,2.1,,1006.2,60345.0,7.0
2020-11-05 02:15:00,5.0,3.9,6.7,218.0,82.0,2.1,,1006.2,61499.0,7.0
2020-11-05 02:16:00,4.9,4.1,6.7,218.0,82.0,2.1,,1006.2,61859.0,7.0
2020-11-05 02:17:00,4.9,4.3,6.7,220.0,82.0,2.1,,1006.2,62960.0,7.0
2020-11-05 02:18:00,4.9,4.2,6.7,222.0,82.0,2.1,,1006.2,62602.0,7.0
2020-11-05 02:19:00,4.9,4.2,6.7,221.0,82.0,2.1,,1006.2,61368.0,7.0
2020-11-05 02:21:00,4.9,4.0,6.7,220.0,83.0,2.1,,1006.2,63439.0,7.0
2020-11-05 02:22:00,4.8,4.1,6.7,222.0,83.0,2.1,,1006.2,62203.0,7.0
2020-11-05 02:23:00,4.8,4.3,6.7,223.0,83.0,2.1,,1006.2,62278.0,7.0
2020-11-05 02:24:00,4.8,4.4,6.7,224.0,83.0,2.1,,1006.2,63189.0,7.0
2020-11-05 02:25:00,4.8,4.4,6.7,222.0,83.0,2.1,,1006.2,61931.0,7.0
2020-11-05 02:26:00,4.9,4.5,6.8,223.0,83.0,2.2,,1006.2,62089.0,7.0
2020-11-05 02:27:00,4.8,4.4,6.8,223.0,83.0,2.2,,1006.2,60838.0,7.0
2020-11-05 02:28:00,4.8,4.6,7.9,224.0,83.0,2.1,,1006.2,59739.0,7.0
2020-11-05 02:29:00,4.8,4.7,7.9,228.0,83.0,2.1,,1006.2,61313.0,7.0
2020-11-05 02:31:00,4.8,4.8,7.9,228.0,83.0,2.2,,1006.1,60262.0,7.0
2020-11-05 02:32:00,4.8,4.7,7.9,228.0,83.0,2.1,,1006.1,59505.0,7.0
2020-11-05 02:33:00,4.8,4.6,7.9,228.0,83.0,2.2,,1006.1,60130.0,7.0
2020-11-05 02:34:00,4.9,4.5,7.9,228.0,83.0,2.1,,1006.1,58827.0,7.0
2020-11-05 02:35:00,4.8,4.5,8.7,229.0,83.0,2.2,,1006.1,59489.0,7.0
2020-11-05 02:36:00,4.8,4.4,8.7,228.0,83.0,2.1,,1006.0,57795.0,7.0
2020-11-05 02:37:00,4.9,4.6,8.7,228.0,83.0,2.2,,1006.0,57481.0,7.0
2020-11-05 02:38:00,4.9,4.4,8.7,227.0,82.0,2.2,,1005.9,58101.0,7.0
2020-11-05 02:39:00,4.9,4.3,8.7,225.0,82.0,2.2,,1005.9,57823.0,7.0
2020-11-05 02:41:00,4.8,4.5,8.7,227.0,83.0,2.2,,1006.0,57910.0,7.0
2020-11-05 02:42:00,4.8,4.6,8.7,225.0,83.0,2.2,,1006.0,57632.0,7.0
2020-11-05 02:43:00,4.8,4.6,8.7,226.0,83.0,2.2,,1005.9,57276.0,7.0
2020-11-05 02:44:00,4.9,4.7,8.7,226.0,83.0,2.2,,1005.9,58058.0,7.0
2020-11-05 02:45:00,5.0,4.5,8.5,227.0,82.0,2.2,,1005.9,58551.0,7.0
2020-11-05 02:46:00,5.0,4.6,8.5,227.0,82.0,2.2,,1005.9,60055.0,7.0
2020-11-05 02:47:00,4.9,4.4,8.5,226.0,82.0,2.2,,1005.9,61163.0,7.0
2020-11-05 02:48:00,4.9,4.6,8.5,224.0,83.0,2.2,,1005.8,60541.0,7.0
2020-11-05 02:49:00,5.0,4.6,8.5,225.0,83.0,2.2,,1005.8,59756.0,7.0
2020-11-05 02:51:00,5.0,4.6,7.4,226.0,83.0,2.2,,1005.7,61954.0,7.0
2020-11-05 02:52:00,4.9,4.6,7.4,226.0,83.0,2.2,,1005.7,62005.0,7.0
2020-11-05 02:53:00,4.9,4.5,7.4,226.0,83.0,2.2,,1005.7,60970.0,7.0
2020-11-05 02:54:00,4.9,4.4,7.4,226.0,83.0,2.2,,1005.6,59789.0,7.0
2020-11-05 02:55:00,4.9,4.5,7.4,228.0,83.0,2.3,,1005.7,56826.0,7.0
2020-11-05 02:56:00,4.9,4.4,7.4,227.0,83.0,2.3,,1005.6,57162.0,7.0
2020-11-05 02:57:00,4.9,4.3,7.4,226.0,83.0,2.3,,1005.6,56191.0,7.0
2020-11-05 02:58:00,4.9,4.1,7.3,228.0,83.0,2.2,,1005.5,55555.0,7.0
2020-11-05 02:59:00,4.9,4.3,7.5,226.0,83.0,2.3,,1005.5,56359.0,7.0
2020-11-05 03:01:00,4.9,4.2,7.5,223.0,83.0,2.2,,1005.4,54369.0,7.0
2020-11-05 03:02:00,4.9,4.1,7.5,223.0,83.0,2.2,,1005.4,54356.0,7.0
2020-11-05 03:03:00,4.9,4.2,7.5,222.0,83.0,2.2,,1005.5,54250.0,7.0
2020-11-05 03:04:00,4.8,4.3,7.5,221.0,83.0,2.2,,1005.5,55374.0,7.0
2020-11-05 03:05:00,4.8,4.2,7.5,219.0,83.0,2.2,,1005.5,57893.0,7.0
2020-11-05 03:06:00,4.8,4.4,7.5,220.0,83.0,2.2,,1005.6,57785.0,7.0
2020-11-05 03:07:00,4.8,4.4,7.5,221.0,84.0,2.2,,1005.6,58678.0,7.0
2020-11-05 03:08:00,4.8,4.4,7.5,222.0,83.0,2.2,,1005.5,60057.0,7.0
2020-11-05 03:09:00,4.7,4.3,7.1,223.0,84.0,2.2,,1005.6,58789.0,7.0
2020-11-05 03:11:00,4.8,4.1,7.1,224.0,84.0,2.3,,1005.6,59519.0,7.0
2020-11-05 03:12:00,4.8,4.1,7.1,226.0,84.0,2.3,,1005.6,60246.0,7.0
2020-11-05 03:13:00,4.9,4.0,7.1,226.0,83.0,2.3,,1005.5,60640.0,7.0
2020-11-05 03:14:00,5.0,4.0,7.1,227.0,83.0,2.3,,1005.5,60351.0,7.0
2020-11-05 03:15:00,4.9,3.9,7.1,229.0,83.0,2.2,,1005.5,59656.0,7.0
2020-11-05 03:16:00,4.9,3.8,6.7,229.0,83.0,2.2,,1005.5,59292.0,7.0
2020-11-05 03:17:00,4.9,3.8,6.7,230.0,83.0,2.2,,1005.5,59112.0,7.0
2020-11-05 03:18:00,5.0,3.9,7.1,232.0,83.0,2.2,,1005.5,58610.0,7.0
2020-11-05 03:19:00,5.0,3.9,7.1,233.0,82.0,2.2,,1005.5,59351.0,7.0
2020-11-05 03:21:00,4.9,4.2,7.1,234.0,83.0,2.2,,1005.5,59150.0,7.0
2020-11-05 03:22:00,4.9,4.4,7.1,233.0,83.0,2.2,,1005.5,59565.0,7.0
2020-11-05 03:23:00,4.9,4.4,7.1,234.0,83.0,2.2,,1005.5,60840.0,7.0
2020-11-05 03:24:00,4.9,4.5,7.1,233.0,82.0,2.2,,1005.5,60519.0,7.0
2020-11-05 03:25:00,4.9,4.6,7.4,232.0,83.0,2.2,,1005.4,60603.0,7.0
2020-11-05 03:26:00,5.0,4.9,8.2,233.0,82.0,2.2,,1005.4,60593.0,7.0
2020-11-05 03:27:00,5.0,5.1,8.2,234.0,82.0,2.2,,1005.3,61089.0,7.0
2020-11-05 03:28:00,5.0,5.1,8.2,233.0,82.0,2.2,,1005.3,61448.0,7.0
2020-11-05 03:29:00,4.9,5.1,8.2,232.0,83.0,2.2,,1005.3,61916.0,7.0
2020-11-05 03:31:00,4.9,5.1,8.2,233.0,83.0,2.3,,1005.3,61053.0,7.0
2020-11-05 03:32:00,4.9,5.1,8.2,234.0,83.0,2.2,,1005.2,59801.0,7.0
2020-11-05 03:33:00,4.9,4.9,8.2,233.0,83.0,2.3,,1005.2,58192.0,7.0
2020-11-05 03:34:00,5.0,4.9,8.2,234.0,82.0,2.2,,1005.1,58223.0,7.0
2020-11-05 03:35:00,5.0,4.9,8.2,235.0,82.0,2.2,,1005.1,58240.0,7.0
2020-11-05 03:36:00,5.0,4.8,7.9,234.0,82.0,2.2,,1005.1,58374.0,7.0
2020-11-05 03:37:00,4.9,4.8,7.9,232.0,83.0,2.2,,1005.0,57546.0,7.0
2020-11-05 03:38:00,4.9,4.7,7.9,232.0,83.0,2.2,,1005.0,57062.0,7.0
2020-11-05 03:39:00,4.9,4.8,7.9,232.0,83.0,2.2,,1005.0,56617.0,7.0
2020-11-05 03:41:00,5.0,4.6,7.5,232.0,83.0,2.2,,1004.9,58609.0,7.0
2020-11-05 03:42:00,5.0,4.6,7.5,232.0,82.0,2.2,,1004.9,60049.0,7.0
2020-11-05 03:43:00,4.9,4.8,7.5,233.0,83.0,2.2,,1004.9,61243.0,7.0
2020-11-05 03:44:00,4.9,4.8,7.5,232.0,83.0,2.2,,1004.9,61092.0,7.0
2020-11-05 03:45:00,5.0,4.8,7.5,231.0,83.0,2.2,,1004.9,61155.0,7.0
2020-11-05 03:46:00,5.0,4.6,7.3,233.0,82.0,2.2,,1004.8,61551.0,7.0
2020-11-05 03:47:00,4.9,4.5,7.3,232.0,83.0,2.2,,1004.8,62029.0,7.0
2020-11-05 03:48:00,5.0,4.7,7.6,232.0,82.0,2.2,,1004.8,61951.0,7.0
2020-11-05 03:49:00,5.0,4.6,7.6,232.0,82.0,2.2,,1004.8,62158.0,7.0
2020-11-05 03:51:00,5.1,4.6,7.6,232.0,82.0,2.2,,1004.7,62783.0,7.0
2020-11-05 03:52:00,5.0,4.6,7.6,231.0,82.0,2.2,,1004.7,62110.0,7.0
2020-11-05 03:53:00,5.1,4.6,7.6,229.0,82.0,2.2,,1004.6,62729.0,7.0
2020-11-05 03:54:00,5.1,4.6,7.6,230.0,82.0,2.2,,1004.6,62546.0,7.0
2020-11-05 03:55:00,5.1,4.7,7.6,229.0,82.0,2.2,,1004.6,63615.0,7.0
2020-11-05 03:56:00,5.0,4.7,7.6,227.0,82.0,2.2,,1004.6,64191.0,7.0
2020-11-05 03:57:00,5.0,4.7,7.6,227.0,82.0,2.2,,1004.6,64446.0,7.0
2020-11-05 03:58:00,5.0,4.6,7.3,227.0,82.0,2.2,,1004.6,64584.0,7.0
2020-11-05 03:59:00,5.0,4.6,7.3,228.0,82.0,2.2,,1004.6,64489.0,7.0
2020-11-05 04:01:00,5.0,4.8,7.8,226.0,82.0,2.2,,1004.5,62638.0,7.0
2020-11-05 04:02:00,5.1,4.9,7.8,226.0,82.0,2.2,,1004.5,63657.0,7.0
2020-11-05 04:03:00,5.1,4.7,7.8,227.0,82.0,2.2,,1004.5,64042.0,7.0
2020-11-05 04:04:00,5.0,4.5,7.8,227.0,82.0,2.2,,1004.5,63058.0,7.0
2020-11-05 04:05:00,5.0,4.4,7.8,227.0,82.0,2.2,,1004.5,61674.0,7.0
2020-11-05 04:06:00,5.0,4.4,7.8,228.0,82.0,2.2,,1004.4,60194.0,7.0
2020-11-05 04:07:00,5.0,4.2,7.8,229.0,83.0,2.3,,1004.4,60212.0,7.0
2020-11-05 04:08:00,4.9,4.2,7.8,230.0,83.0,2.2,,1004.4,60502.0,7.0
2020-11-05 04:09:00,5.0,4.3,7.8,229.0,83.0,2.3,,1004.4,62161.0,7.0
2020-11-05 04:11:00,5.0,4.1,7.5,232.0,82.0,2.2,,1004.3,61988.0,7.0
2020-11-05 04:12:00,5.0,3.9,7.5,231.0,82.0,2.2,,1004.2,61923.0,7.0
2020-11-05 04:13:00,5.0,4.0,7.5,231.0,82.0,2.3,,1004.3,60812.0,7.0
2020-11-05 04:14:00,5.0,4.1,8.1,232.0,82.0,2.3,,1004.3,62382.0,7.0
2020-11-05 04:15:00,4.9,4.2,8.1,230.0,83.0,2.2,,1004.3,62958.0,7.0
2020-11-05 04:16:00,5.0,4.3,8.1,229.0,82.0,2.2,,1004.3,63847.0,7.0
2020-11-05 04:17:00,5.0,4.4,8.1,228.0,82.0,2.2,,1004.3,64001.0,7.0
2020-11-05 04:18:00,5.1,4.3,8.1,228.0,82.0,2.2,,1004.3,63884.0,7.0
2020-11-05 04:19:00,5.0,4.0,8.1,228.0,82.0,2.2,,1004.3,62723.0,7.0
2020-11-05 04:21:00,5.0,3.8,8.1,224.0,82.0,2.2,,1004.3,62877.0,7.0
2020-11-05 04:22:00,5.0,4.0,8.1,225.0,82.0,2.2,,1004.3,63465.0,7.0
2020-11-05 04:23:00,5.0,3.9,8.1,223.0,82.0,2.2,,1004.3,64608.0,7.0
2020-11-05 04:24:00,5.0,3.9,7.8,225.0,82.0,2.3,,1004.3,65604.0,7.0
2020-11-05 04:25:00,5.1,3.7,7.8,226.0,82.0,2.2,,1004.3,66553.0,7.0
2020-11-05 04:26:00,5.1,3.6,6.4,225.0,82.0,2.2,,1004.3,67309.0,7.0
2020-11-05 04:27:00,5.0,3.8,7.3,224.0,82.0,2.2,,1004.3,67768.0,7.0
2020-11-05 04:28:00,5.0,3.9,7.3,224.0,82.0,2.2,,1004.3,69304.0,7.0
2020-11-05 04:29:00,5.0,4.0,7.3,223.0,83.0,2.2,,1004.3,69278.0,7.0
2020-11-05 04:31:00,4.9,4.5,8.7,225.0,83.0,2.2,,1004.2,71860.0,7.0
2020-11-05 04:32:00,5.0,4.6,8.7,225.0,83.0,2.3,,1004.2,71329.0,7.0
2020-11-05 04:33:00,5.0,4.7,8.7,225.0,82.0,2.3,,1004.2,70440.0,7.0
2020-11-05 04:34:00,5.0,4.6,8.7,223.0,82.0,2.2,,1004.2,70393.0,7.0
2020-11-05 04:35:00,5.0,4.7,8.7,222.0,82.0,2.2,,1004.1,69899.0,7.0
2020-11-05 04:36:00,5.0,4.6,8.7,223.0,82.0,2.2,,1004.1,71429.0,7.0
2020-11-05 04:37:00,5.1,4.5,8.7,225.0,82.0,2.2,,1004.1,70543.0,7.0
2020-11-05 04:38:00,5.0,4.6,8.7,226.0,82.0,2.2,,1004.1,71203.0,7.0
2020-11-05 04:39:00,5.1,4.7,9.0,224.0,82.0,2.3,,1004.1,70835.0,7.0
2020-11-05 04:41:00,5.1,4.7,9.0,222.0,82.0,2.2,,1004.1,70522.0,7.0
2020-11-05 04:42:00,5.0,4.8,9.0,224.0,82.0,2.3,,1004.1,71046.0,7.0
2020-11-05 04:43:00,5.1,4.9,9.0,225.0,82.0,2.2,,1004.0,70790.0,7.0
2020-11-05 04:44:00,5.1,4.8,9.0,225.0,82.0,2.3,,1004.0,70300.0,7.0
2020-11-05 04:45:00,5.1,5.0,9.0,225.0,82.0,2.2,,1003.9,71050.0,7.0
2020-11-05 04:46:00,5.1,5.0,9.0,225.0,82.0,2.3,,1003.9,69352.0,7.0
2020-11-05 04:47:00,5.0,5.0,9.0,223.0,82.0,2.3,,1003.9,68807.0,7.0
2020-11-05 04:48:00,5.0,5.0,9.0,224.0,82.0,2.3,,1004.0,67284.0,7.0
2020-11-05 04:49:00,5.0,4.9,9.0,226.0,83.0,2.3,,1003.9,67852.0,7.0
2020-11-05 04:51:00,5.1,4.7,7.7,228.0,82.0,2.3,,1003.8,66411.0,7.0
2020-11-05 04:52:00,5.1,4.6,7.7,225.0,82.0,2.3,,1003.8,66517.0,7.0
2020-11-05 04:53:00,5.0,4.5,7.7,223.0,82.0,2.3,,1003.8,66760.0,7.0
2020-11-05 04:54:00,5.1,4.5,7.7,223.0,82.0,2.3,,1003.7,65881.0,7.0
2020-11-05 04:55:00,5.0,4.4,7.7,223.0,82.0,2.3,,1003.7,64053.0,7.0
2020-11-05 04:56:00,5.0,4.5,7.7,224.0,83.0,2.3,,1003.7,65525.0,7.0
2020-11-05 04:57:00,5.1,4.5,7.7,224.0,82.0,2.3,,1003.6,66664.0,7.0
2020-11-05 04:58:00,5.1,4.5,7.7,222.0,82.0,2.3,,1003.7,66022.0,7.0
2020-11-05 04:59:00,5.1,4.7,7.7,220.0,82.0,2.3,,1003.7,66535.0,7.0
2020-11-05 05:01:00,5.1,4.6,7.5,218.0,82.0,2.3,,1003.6,68851.0,7.0
2020-11-05 05:02:00,5.2,4.6,7.5,217.0,81.0,2.2,,1003.6,67343.0,7.0
2020-11-05 05:03:00,5.2,4.7,7.5,217.0,81.0,2.3,,1003.5,68571.0,7.0
2020-11-05 05:04:00,5.1,4.8,7.5,218.0,82.0,2.3,,1003.6,70699.0,7.0
2020-11-05 05:05:00,5.1,4.9,7.5,219.0,82.0,2.3,,1003.5,73012.0,7.0
2020-11-05 05:06:00,5.1,4.7,7.5,218.0,82.0,2.3,,1003.5,70094.0,7.0
2020-11-05 05:07:00,5.1,4.7,7.5,217.0,82.0,2.3,,1003.5,69344.0,7.0
2020-11-05 05:08:00,5.2,4.7,7.7,217.0,81.0,2.3,,1003.5,71814.0,7.0
2020-11-05 05:09:00,5.2,4.6,7.7,218.0,82.0,2.3,,1003.5,71260.0,7.0
2020-11-05 05:11:00,5.2,4.7,7.7,217.0,81.0,2.2,,1003.5,70707.0,7.0
2020-11-05 05:12:00,5.1,4.6,7.7,217.0,82.0,2.3,,1003.5,70693.0,7.0
2020-11-05 05:13:00,5.1,4.6,7.7,218.0,82.0,2.3,,1003.4,68713.0,7.0
2020-11-05 05:14:00,5.1,4.5,8.2,217.0,82.0,2.3,,1003.4,68719.0,7.0
2020-11-05 05:15:00,5.1,4.6,8.2,216.0,82.0,2.3,,1003.3,67519.0,7.0
2020-11-05 05:16:00,5.1,4.6,8.2,214.0,82.0,2.3,,1003.3,69174.0,7.0
2020-11-05 05:17:00,5.1,4.7,8.2,214.0,82.0,2.3,,1003.3,69506.0,7.0
2020-11-05 05:18:00,5.1,4.8,8.2,214.0,82.0,2.3,,1003.3,67860.0,7.0
2020-11-05 05:19:00,5.1,4.8,8.2,214.0,82.0,2.3,,1003.3,68478.0,7.0
2020-11-05 05:21:00,5.1,4.9,8.2,213.0,82.0,2.3,,1003.3,68529.0,7.0
2020-11-05 05:22:00,5.1,4.8,8.2,214.0,82.0,2.3,,1003.3,69243.0,7.0
2020-11-05 05:23:00,5.1,4.7,8.2,214.0,82.0,2.3,,1003.3,69187.0,7.0
2020-11-05 05:24:00,5.2,4.7,7.6,213.0,82.0,2.3,,1003.3,67966.0,7.0
2020-11-05 05:25:00,5.1,4.8,7.6,213.0,82.0,2.3,,1003.3,68367.0,7.0
2020-11-05 05:26:00,5.1,5.0,9.3,215.0,82.0,2.3,,1003.3,67612.0,7.0
2020-11-05 05:27:00,5.1,5.1,9.3,215.0,82.0,2.3,,1003.3,68675.0,7.0
2020-11-05 05:28:00,5.2,4.9,9.3,215.0,82.0,2.3,,1003.2,69305.0,7.0
2020-11-05 05:29:00,5.2,4.9,9.3,216.0,81.0,2.3,,1003.2,67829.0,7.0
2020-11-05 05:31:00,5.2,5.0,9.3,218.0,81.0,2.3,,1003.2,67094.0,7.0
2020-11-05 05:32:00,5.2,5.1,9.3,218.0,82.0,2.3,,1003.2,66767.0,7.0
2020-11-05 05:33:00,5.1,5.3,9.3,218.0,82.0,2.3,,1003.1,68025.0,7.0
2020-11-05 05:34:00,5.2,5.4,9.3,216.0,82.0,2.3,,1003.0,69319.0,7.0
2020-11-05 05:35:00,5.1,5.3,9.3,217.0,82.0,2.3,,1003.1,69643.0,7.0
2020-11-05 05:36:00,5.1,5.1,8.0,218.0,82.0,2.3,,1003.0,69567.0,7.0
2020-11-05 05:37:00,5.2,5.3,8.4,216.0,81.0,2.3,,1002.9,68940.0,7.0
2020-11-05 05:38:00,5.2,5.5,8.4,216.0,81.0,2.3,,1003.0,68794.0,7.0
2020-11-05 05:39:00,5.2,5.5,8.4,216.0,81.0,2.2,,1002.9,69598.0,7.0
2020-11-05 05:41:00,5.2,5.6,8.5,213.0,82.0,2.3,,1002.9,69029.0,7.0
2020-11-05 05:42:00,5.2,5.5,8.5,212.0,81.0,2.3,,1002.9,69802.0,7.0
2020-11-05 05:43:00,5.2,5.5,8.5,212.0,82.0,2.3,,1002.9,69954.0,7.0
2020-11-05 05:44:00,5.2,5.3,8.5,213.0,82.0,2.3,,1002.8,67970.0,7.0
2020-11-05 05:45:00,5.2,5.1,8.5,212.0,82.0,2.3,,1002.8,68278.0,7.0
2020-11-05 05:46:00,5.2,5.0,8.5,211.0,81.0,2.3,,1002.7,69119.0,7.0
2020-11-05 05:47:00,5.2,4.8,8.5,211.0,81.0,2.2,,1002.7,69425.0,7.0
2020-11-05 05:48:00,5.2,4.6,8.5,210.0,82.0,2.2,,1002.7,70765.0,7.0
2020-11-05 05:49:00,5.1,4.7,8.5,209.0,82.0,2.3,,1002.7,70738.0,7.0
2020-11-05 05:51:00,5.1,4.6,7.4,210.0,82.0,2.3,,1002.6,70924.0,7.0
2020-11-05 05:52:00,5.1,4.7,9.8,211.0,82.0,2.3,,1002.6,71074.0,7.0
2020-11-05 05:53:00,5.1,4.8,10.5,213.0,82.0,2.3,,1002.6,71250.0,7.0
2020-11-05 05:54:00,5.1,5.0,10.5,212.0,82.0,2.3,,1002.5,73056.0,7.0
2020-11-05 05:55:00,5.1,5.1,10.5,212.0,82.0,2.2,,1002.5,73487.0,7.0
2020-11-05 05:56:00,5.1,5.4,10.5,212.0,82.0,2.3,,1002.5,72485.0,7.0
2020-11-05 05:57:00,5.1,5.6,10.5,213.0,82.0,2.3,,1002.4,72604.0,7.0
2020-11-05 05:58:00,5.1,5.7,10.5,212.0,82.0,2.3,,1002.5,71355.0,7.0
2020-11-05 05:59:00,5.0,5.6,10.5,213.0,82.0,2.2,,1002.5,72244.0,7.0
2020-11-05 06:01:00,5.1,5.5,10.5,214.0,82.0,2.2,,1002.3,72523.0,8.0
2020-11-05 06:02:00,5.1,5.5,10.5,214.0,82.0,2.3,,1002.3,71498.0,8.0
2020-11-05 06:03:00,5.1,5.5,9.6,214.0,81.0,2.2,,1002.3,71046.0,8.0
2020-11-05 06:04:00,5.1,5.5,9.6,215.0,82.0,2.2,,1002.4,70635.0,8.0
2020-11-05 06:05:00,5.1,5.6,9.6,216.0,82.0,2.2,,1002.3,70059.0,8.0
2020-11-05 06:06:00,5.1,5.5,9.6,217.0,82.0,2.2,,1002.3,70087.0,8.0
2020-11-05 06:07:00,5.1,5.5,9.6,215.0,81.0,2.2,,1002.2,68790.0,8.0
2020-11-05 06:08:00,5.2,5.3,9.6,217.0,81.0,2.2,,1002.2,67892.0,8.0
2020-11-05 06:09:00,5.1,5.4,9.6,216.0,81.0,2.2,,1002.2,66954.0,8.0
2020-11-05 06:11:00,5.1,5.4,9.6,218.0,81.0,2.2,,1002.1,67904.0,8.0
2020-11-05 06:12:00,5.1,5.4,9.6,219.0,81.0,2.2,,1002.1,68419.0,8.0
2020-11-05 06:13:00,5.1,5.4,8.7,217.0,81.0,2.2,,1002.1,69163.0,8.0
2020-11-05 06:14:00,5.1,5.3,8.7,216.0,81.0,2.2,,1002.1,69432.0,8.0
2020-11-05 06:15:00,5.1,5.3,8.7,215.0,81.0,2.2,,1002.1,69184.0,8.0
2020-11-05 06:16:00,5.1,5.4,8.7,216.0,81.0,2.2,,1002.0,68577.0,8.0
2020-11-05 06:17:00,5.1,5.4,8.7,218.0,81.0,2.2,,1002.0,69190.0,7.0
2020-11-05 06:18:00,5.1,5.4,8.7,217.0,81.0,2.2,,1002.0,70383.0,7.0
2020-11-05 06:19:00,5.0,5.5,8.7,218.0,82.0,2.2,,1002.0,71336.0,7.0
2020-11-05 06:21:00,5.1,5.5,8.7,219.0,81.0,2.2,,1001.9,70877.0,7.0
2020-11-05 06:22:00,5.1,5.4,8.7,219.0,81.0,2.1,,1001.9,71022.0,7.0
2020-11-05 06:23:00,5.1,5.3,8.7,220.0,81.0,2.2,,1002.0,69967.0,7.0
2020-11-05 06:24:00,5.1,5.5,8.7,220.0,81.0,2.1,,1001.9,69272.0,7.0
2020-11-05 06:25:00,5.1,5.4,8.3,220.0,81.0,2.1,,1001.8,69957.0,7.0
2020-11-05 06:26:00,5.1,5.3,8.3,220.0,81.0,2.1,,1001.8,72142.0,7.0
2020-11-05 06:27:00,5.1,5.3,8.3,217.0,81.0,2.1,,1001.8,74123.0,7.0
2020-11-05 06:28:00,5.1,5.3,8.3,217.0,81.0,2.1,,1001.8,72435.0,7.0
2020-11-05 06:29:00,5.1,5.3,8.3,218.0,81.0,2.1,,1001.8,71652.0,7.0
2020-11-05 06:31:00,5.2,5.7,9.5,216.0,80.0,2.1,,1001.7,72636.0,7.0
2020-11-05 06:32:00,5.2,5.7,9.5,215.0,81.0,2.1,,1001.8,74053.0,7.0
2020-11-05 06:33:00,5.1,5.8,9.5,215.0,81.0,2.1,,1001.8,73895.0,7.0
2020-11-05 06:34:00,5.2,5.7,9.5,217.0,81.0,2.1,,1001.8,75000.0,7.0
2020-11-05 06:35:00,5.2,5.6,9.5,217.0,81.0,2.1,,1001.7,75000.0,7.0
2020-11-05 06:36:00,5.2,5.5,9.5,218.0,81.0,2.1,,1001.7,74899.0,7.0
2020-11-05 06:37:00,5.2,5.3,9.5,220.0,81.0,2.1,,1001.7,74178.0,7.0
2020-11-05 06:38:00,5.1,5.3,9.5,220.0,81.0,2.1,,1001.7,75000.0,7.0
2020-11-05 06:39:00,5.1,5.5,10.0,220.0,81.0,2.1,,1001.7,75000.0,7.0
2020-11-05 06:41:00,5.1,5.3,10.0,223.0,81.0,2.2,,1001.6,75000.0,7.0
2020-11-05 06:42:00,5.1,5.5,10.0,223.0,81.0,2.1,,1001.6,74100.0,7.0
2020-11-05 06:43:00,5.1,5.5,10.0,223.0,81.0,2.1,,1001.6,73131.0,7.0
2020-11-05 06:44:00,5.1,5.5,10.0,223.0,81.0,2.2,,1001.6,71766.0,7.0
2020-11-05 06:45:00,5.1,5.7,10.0,224.0,81.0,2.2,,1001.6,71870.0,7.0
2020-11-05 06:46:00,5.1,5.9,10.0,224.0,81.0,2.1,,1001.6,71011.0,7.0
2020-11-05 06:47:00,5.2,6.2,10.0,225.0,81.0,2.1,,1001.6,71334.0,8.0
2020-11-05 06:48:00,5.2,6.1,10.0,225.0,81.0,2.2,,1001.5,70887.0,8.0
2020-11-05 06:49:00,5.2,6.0,9.7,225.0,81.0,2.2,,1001.5,70931.0,8.0
2020-11-05 06:51:00,5.1,5.7,9.7,223.0,81.0,2.2,,1001.5,70641.0,8.0
2020-11-05 06:52:00,5.1,5.6,9.7,224.0,81.0,2.2,,1001.4,70014.0,7.0
2020-11-05 06:53:00,5.1,5.3,9.7,224.0,81.0,2.2,,1001.4,70721.0,7.0
2020-11-05 06:54:00,5.1,5.2,9.7,223.0,81.0,2.1,,1001.4,69085.0,7.0
2020-11-05 06:55:00,5.1,5.1,8.6,222.0,81.0,2.2,,1001.4,69024.0,7.0
2020-11-05 06:56:00,5.1,5.1,8.6,221.0,81.0,2.1,,1001.3,70524.0,7.0
2020-11-05 06:57:00,5.1,5.0,8.7,219.0,81.0,2.1,,1001.4,70341.0,6.0
2020-11-05 06:58:00,5.1,5.0,8.7,219.0,81.0,2.2,,1001.3,69448.0,6.0
2020-11-05 06:59:00,5.1,5.1,8.7,218.0,81.0,2.2,,1001.3,70759.0,6.0
2020-11-05 07:01:00,5.1,5.3,9.1,219.0,81.0,2.2,,1001.2,70264.0,6.0
2020-11-05 07:02:00,5.1,5.4,9.1,218.0,82.0,2.2,,1001.3,72308.0,5.0
2020-11-05 07:03:00,5.1,5.5,9.1,218.0,82.0,2.2,,1001.2,73704.0,5.0
2020-11-05 07:04:00,5.1,5.8,9.4,218.0,82.0,2.2,,1001.2,74839.0,5.0
2020-11-05 07:05:00,5.1,5.8,9.4,217.0,82.0,2.2,,1001.2,73598.0,5.0
2020-11-05 07:06:00,5.1,5.9,9.4,217.0,82.0,2.2,,1001.2,72820.0,5.0
2020-11-05 07:07:00,5.1,5.7,9.4,219.0,82.0,2.2,,1001.2,72034.0,5.0
2020-11-05 07:08:00,5.1,5.6,9.4,218.0,82.0,2.2,,1001.2,72933.0,5.0
2020-11-05 07:09:00,5.1,5.8,9.4,218.0,82.0,2.2,,1001.2,72021.0,5.0
2020-11-05 07:11:00,5.1,5.5,9.4,218.0,82.0,2.2,,1001.1,72382.0,5.0
2020-11-05 07:12:00,5.1,5.2,9.4,218.0,82.0,2.3,,1001.1,69627.0,5.0
2020-11-05 07:13:00,5.2,5.1,9.4,216.0,81.0,2.3,,1001.0,69865.0,5.0
2020-11-05 07:14:00,5.2,5.0,8.9,216.0,81.0,2.3,,1001.0,70482.0,5.0
2020-11-05 07:15:00,5.2,4.8,8.9,216.0,81.0,2.2,,1001.0,71579.0,5.0
2020-11-05 07:16:00,5.2,4.9,8.9,214.0,82.0,2.3,,1001.0,72372.0,5.0
2020-11-05 07:17:00,5.2,5.1,8.9,213.0,81.0,2.3,,1000.9,72837.0,6.0
2020-11-05 07:18:00,5.2,5.1,8.9,213.0,81.0,2.3,,1000.9,72629.0,6.0
2020-11-05 07:19:00,5.2,5.0,8.9,212.0,81.0,2.3,,1000.9,72063.0,6.0
2020-11-05 07:21:00,5.2,5.5,9.2,214.0,81.0,2.3,,1000.9,72228.0,6.0
2020-11-05 07:22:00,5.2,5.7,9.2,213.0,82.0,2.3,,1000.9,74111.0,6.0
2020-11-05 07:23:00,5.2,5.8,9.2,215.0,81.0,2.3,,1000.9,74873.0,6.0
2020-11-05 07:24:00,5.2,5.7,9.2,215.0,82.0,2.3,,1000.9,75000.0,6.0
2020-11-05 07:25:00,5.2,5.8,9.2,216.0,82.0,2.3,,1000.8,73262.0,6.0
2020-11-05 07:26:00,5.2,5.7,9.2,217.0,81.0,2.3,,1000.8,73501.0,6.0
2020-11-05 07:27:00,5.3,5.9,9.2,216.0,81.0,2.3,,1000.7,74606.0,7.0
2020-11-05 07:28:00,5.3,6.1,10.2,218.0,81.0,2.3,,1000.8,74697.0,7.0
2020-11-05 07:29:00,5.3,6.3,10.2,219.0,81.0,2.3,,1000.8,75000.0,7.0
2020-11-05 07:31:00,5.3,6.1,10.4,219.0,81.0,2.3,,1000.8,73433.0,7.0
2020-11-05 07:32:00,5.3,6.3,10.4,219.0,81.0,2.3,,1000.7,73488.0,7.0
2020-11-05 07:33:00,5.3,6.1,10.4,220.0,81.0,2.3,,1000.7,73241.0,7.0
2020-11-05 07:34:00,5.3,6.3,10.4,218.0,81.0,2.3,,1000.7,72531.0,7.0
2020-11-05 07:35:00,5.3,6.3,10.4,218.0,81.0,2.3,,1000.6,74453.0,7.0
2020-11-05 07:36:00,5.4,6.4,10.4,218.0,80.0,2.3,,1000.6,73005.0,7.0
2020-11-05 07:37:00,5.4,6.5,11.2,219.0,80.0,2.2,,1000.6,71626.0,7.0
2020-11-05 07:38:00,5.4,6.4,11.2,218.0,80.0,2.2,,1000.5,70733.0,7.0
2020-11-05 07:39:00,5.4,6.4,11.2,218.0,80.0,2.2,,1000.4,70091.0,7.0
2020-11-05 07:41:00,5.4,6.6,13.1,216.0,80.0,2.2,,1000.4,68614.0,7.0
2020-11-05 07:42:00,5.4,6.7,13.1,216.0,80.0,2.2,,1000.3,67497.0,7.0
2020-11-05 07:43:00,5.4,6.9,13.1,214.0,80.0,2.2,,1000.3,66447.0,7.0
2020-11-05 07:44:00,5.4,7.0,13.1,214.0,80.0,2.2,,1000.3,65677.0,7.0
2020-11-05 07:45:00,5.4,7.1,13.1,213.0,80.0,2.2,,1000.2,63682.0,7.0
2020-11-05 07:46:00,5.4,7.2,13.1,213.0,80.0,2.2,,1000.3,65128.0,7.0
2020-11-05 07:47:00,5.5,6.8,13.1,213.0,79.0,2.2,,1000.2,65594.0,7.0
2020-11-05 07:48:00,5.5,6.7,13.1,213.0,80.0,2.2,,1000.2,66997.0,7.0
2020-11-05 07:49:00,5.5,6.9,13.1,215.0,79.0,2.2,,1000.2,66780.0,7.0
2020-11-05 07:51:00,5.5,6.5,12.4,215.0,79.0,2.2,,1000.2,69442.0,7.0
2020-11-05 07:52:00,5.5,6.2,9.8,216.0,80.0,2.2,,1000.2,70839.0,7.0
2020-11-05 07:53:00,5.4,6.2,11.0,218.0,80.0,2.2,,1000.1,70830.0,7.0
2020-11-05 07:54:00,5.4,6.3,11.0,219.0,80.0,2.2,,1000.1,72587.0,7.0
2020-11-05 07:55:00,5.4,6.1,11.0,220.0,80.0,2.2,,1000.0,75000.0,7.0
2020-11-05 07:56:00,5.4,6.1,11.0,220.0,80.0,2.2,,1000.0,75000.0,7.0
2020-11-05 07:57:00,5.5,6.3,12.1,220.0,79.0,2.2,,999.9,75000.0,7.0
2020-11-05 07:58:00,5.5,6.4,12.1,220.0,79.0,2.2,,999.9,75000.0,7.0
2020-11-05 07:59:00,5.5,6.3,12.1,218.0,79.0,2.2,,999.9,75000.0,7.0
2020-11-05 08:01:00,5.5,6.7,12.1,216.0,79.0,2.2,,999.9,74574.0,7.0
2020-11-05 08:02:00,5.5,6.9,12.1,215.0,80.0,2.2,,999.8,74856.0,7.0
2020-11-05 08:03:00,5.5,6.7,12.1,213.0,80.0,2.2,,999.7,73709.0,7.0
2020-11-05 08:04:00,5.5,6.6,12.1,213.0,80.0,2.3,,999.7,73811.0,7.0
2020-11-05 08:05:00,5.5,6.8,12.1,212.0,80.0,2.2,,999.7,73841.0,7.0
2020-11-05 08:06:00,5.5,6.6,12.1,213.0,80.0,2.2,,999.7,73277.0,7.0
2020-11-05 08:07:00,5.5,6.4,10.5,212.0,79.0,2.2,,999.6,71064.0,7.0
2020-11-05 08:08:00,5.5,6.3,10.5,211.0,79.0,2.2,,999.6,70306.0,7.0
2020-11-05 08:09:00,5.5,6.4,10.5,212.0,79.0,2.2,,999.6,70843.0,7.0
2020-11-05 08:11:00,5.5,5.9,9.5,213.0,79.0,2.2,,999.6,74035.0,7.0
2020-11-05 08:12:00,5.5,5.7,9.2,212.0,79.0,2.2,,999.5,73487.0,7.0
2020-11-05 08:13:00,5.6,5.7,9.2,216.0,79.0,2.2,,999.4,74220.0,7.0
2020-11-05 08:14:00,5.6,5.5,9.2,215.0,79.0,2.2,,999.4,71983.0,7.0
2020-11-05 08:15:00,5.6,5.4,8.6,216.0,79.0,2.2,,999.5,70993.0,7.0
2020-11-05 08:16:00,5.6,5.5,8.6,215.0,79.0,2.3,,999.5,69940.0,7.0
2020-11-05 08:17:00,5.6,5.4,8.4,215.0,79.0,2.3,,999.5,72106.0,7.0
2020-11-05 08:18:00,5.6,5.7,10.7,214.0,78.0,2.1,,999.4,73380.0,7.0
2020-11-05 08:19:00,5.6,5.5,10.7,214.0,79.0,2.2,,999.4,72977.0,7.0
2020-11-05 08:21:00,5.6,6.0,10.7,213.0,79.0,2.3,,999.5,70684.0,7.0
2020-11-05 08:22:00,5.6,6.3,10.7,214.0,79.0,2.2,,999.4,70179.0,7.0
2020-11-05 08:23:00,5.6,6.3,10.7,212.0,78.0,2.2,,999.4,71926.0,7.0
2020-11-05 08:24:00,5.6,6.6,10.7,210.0,78.0,2.1,,999.3,75000.0,7.0
2020-11-05 08:25:00,5.6,6.9,10.7,212.0,78.0,2.1,,999.3,75000.0,7.0
2020-11-05 08:26:00,5.6,7.2,10.7,213.0,78.0,2.2,,999.3,75000.0,7.0
2020-11-05 08:27:00,5.6,7.4,10.9,215.0,78.0,2.2,,999.3,73842.0,7.0
2020-11-05 08:28:00,5.6,7.3,10.9,214.0,79.0,2.2,,999.3,71792.0,7.0
2020-11-05 08:29:00,5.6,7.5,10.9,213.0,78.0,2.1,,999.3,71256.0,7.0
2020-11-05 08:31:00,5.6,7.4,12.9,214.0,78.0,2.1,,999.1,72395.0,7.0
2020-11-05 08:32:00,5.7,7.4,12.9,214.0,78.0,2.1,,999.1,75000.0,8.0
2020-11-05 08:33:00,5.6,7.5,12.9,214.0,78.0,2.1,,999.1,74108.0,8.0
2020-11-05 08:34:00,5.6,7.4,12.9,216.0,78.0,2.1,,999.1,69077.0,8.0
2020-11-05 08:35:00,5.7,7.3,12.9,215.0,78.0,2.1,,999.1,69953.0,8.0
2020-11-05 08:36:00,5.7,7.1,12.9,215.0,78.0,2.1,,999.0,68014.0,8.0
2020-11-05 08:37:00,5.7,6.9,12.9,213.0,78.0,2.2,,999.1,69673.0,7.0
2020-11-05 08:38:00,5.7,6.9,12.9,213.0,78.0,2.2,,999.1,70395.0,7.0
2020-11-05 08:39:00,5.7,7.0,12.9,214.0,78.0,2.2,,999.0,69416.0,7.0
2020-11-05 08:41:00,5.7,6.6,11.4,215.0,78.0,2.1,,999.1,69215.0,7.0
2020-11-05 08:42:00,5.7,6.6,11.4,215.0,78.0,2.2,,999.1,67551.0,7.0
2020-11-05 08:43:00,5.7,6.5,11.4,215.0,78.0,2.1,,999.0,67374.0,7.0
2020-11-05 08:44:00,5.7,6.4,11.4,216.0,78.0,2.1,,999.0,69697.0,7.0
2020-11-05 08:45:00,5.7,6.3,11.4,216.0,78.0,2.2,,999.0,69222.0,7.0
2020-11-05 08:46:00,5.7,6.3,11.4,214.0,77.0,2.1,,998.9,70788.0,7.0
2020-11-05 08:47:00,5.7,6.4,11.4,215.0,78.0,2.1,,998.9,70597.0,7.0
2020-11-05 08:48:00,5.7,6.4,11.4,216.0,77.0,2.1,,998.9,69660.0,7.0
2020-11-05 08:49:00,5.8,6.3,10.2,216.0,77.0,2.1,,998.8,71039.0,7.0
2020-11-05 08:51:00,5.8,6.2,10.2,217.0,77.0,2.1,,998.8,71163.0,7.0
2020-11-05 08:52:00,5.8,6.0,9.3,217.0,77.0,2.1,,998.8,72286.0,7.0
2020-11-05 08:53:00,5.8,6.2,10.6,216.0,78.0,2.1,,998.8,73357.0,7.0
2020-11-05 08:54:00,5.8,6.1,10.6,215.0,77.0,2.0,,998.7,74113.0,7.0
2020-11-05 08:55:00,5.8,6.2,10.6,216.0,77.0,2.1,,998.6,74879.0,7.0
2020-11-05 08:56:00,5.8,6.1,10.6,218.0,77.0,2.1,,998.6,74431.0,7.0
2020-11-05 08:57:00,5.8,5.9,10.6,218.0,77.0,2.1,,998.6,75000.0,7.0
2020-11-05 08:58:00,5.8,5.9,10.6,218.0,77.0,2.0,,998.5,75000.0,7.0
2020-11-05 08:59:00,5.9,6.3,14.1,217.0,76.0,1.9,,998.4,75000.0,7.0
2020-11-05 09:01:00,5.8,6.9,14.1,219.0,76.0,2.0,,998.5,75000.0,7.0
2020-11-05 09:02:00,5.8,7.1,14.1,220.0,76.0,2.0,,998.5,75000.0,7.0
2020-11-05 09:03:00,5.9,6.9,14.1,223.0,76.0,1.9,,998.3,75000.0,7.0
2020-11-05 09:04:00,5.8,7.2,14.1,222.0,76.0,1.9,,998.3,75000.0,7.0
2020-11-05 09:05:00,5.9,7.2,14.1,221.0,76.0,2.0,,998.4,75000.0,7.0
2020-11-05 09:06:00,5.9,7.2,14.1,220.0,76.0,2.0,,998.3,75000.0,7.0
2020-11-05 09:07:00,5.9,7.4,14.1,220.0,76.0,1.9,,998.3,75000.0,8.0
2020-11-05 09:08:00,5.9,7.3,14.1,220.0,75.0,1.9,,998.2,75000.0,8.0
2020-11-05 09:09:00,5.9,7.0,12.7,223.0,75.0,1.8,,998.1,74686.0,8.0
2020-11-05 09:11:00,5.9,6.8,12.7,223.0,75.0,1.9,,998.1,74075.0,8.0
2020-11-05 09:12:00,6.0,6.9,12.7,221.0,76.0,2.0,,998.1,72278.0,8.0
2020-11-05 09:13:00,6.0,7.2,12.7,220.0,75.0,1.9,,998.1,70872.0,8.0
2020-11-05 09:14:00,6.0,6.9,11.8,221.0,75.0,1.9,,998.1,69939.0,8.0
2020-11-05 09:15:00,6.0,6.7,11.8,222.0,75.0,1.9,,998.0,70517.0,8.0
2020-11-05 09:16:00,6.0,6.9,11.8,222.0,75.0,1.9,,997.8,69820.0,8.0
2020-11-05 09:17:00,6.0,6.9,11.8,223.0,74.0,1.8,,997.9,70866.0,8.0
2020-11-05 09:18:00,6.0,7.2,11.8,223.0,75.0,1.8,,997.9,72251.0,8.0
2020-11-05 09:19:00,6.0,7.2,11.8,222.0,75.0,1.9,,997.9,72954.0,8.0
2020-11-05 09:21:00,6.0,7.1,11.5,220.0,75.0,1.9,,997.9,73037.0,8.0
2020-11-05 09:22:00,6.0,6.8,11.5,222.0,75.0,1.8,,997.9,73964.0,8.0
2020-11-05 09:23:00,6.0,6.4,11.5,223.0,75.0,1.9,,997.9,75000.0,8.0
2020-11-05 09:24:00,6.1,6.4,11.5,223.0,74.0,1.9,,997.8,74075.0,8.0
2020-11-05 09:25:00,6.1,6.6,11.5,225.0,75.0,1.9,,997.8,70710.0,8.0
2020-11-05 09:26:00,6.1,6.4,11.5,225.0,74.0,1.9,,997.8,70111.0,8.0
2020-11-05 09:27:00,6.1,6.5,11.5,226.0,74.0,1.9,,997.8,58312.0,8.0
2020-11-05 09:28:00,6.1,6.5,11.5,227.0,74.0,1.8,,997.8,50711.0,8.0
2020-11-05 09:29:00,6.0,6.5,11.0,226.0,75.0,1.8,,997.7,41256.0,8.0
2020-11-05 09:31:00,6.0,6.7,11.0,228.0,76.0,2.0,,997.8,32786.0,8.0
2020-11-05 09:32:00,5.9,7.1,11.1,227.0,76.0,2.0,,997.8,29334.0,8.0
2020-11-05 09:33:00,5.9,7.6,14.3,228.0,76.0,2.1,,997.7,26381.0,8.0
2020-11-05 09:34:00,5.9,7.8,14.3,228.0,76.0,2.0,,997.8,24528.0,8.0
2020-11-05 09:35:00,5.9,7.9,14.3,229.0,76.0,2.0,,997.9,22503.0,8.0
2020-11-05 09:36:00,5.9,8.2,14.3,229.0,76.0,2.1,,997.9,20922.0,8.0
2020-11-05 09:37:00,5.9,8.4,14.3,230.0,77.0,2.1,,997.9,19359.0,8.0
2020-11-05 09:38:00,5.9,8.5,14.3,230.0,77.0,2.1,,997.8,17630.0,8.0
2020-11-05 09:39:00,5.9,8.9,14.4,231.0,77.0,2.1,,997.8,16459.0,8.0
2020-11-05 09:41:00,5.8,8.9,14.4,231.0,77.0,2.2,,997.8,14983.0,8.0
2020-11-05 09:42:00,5.8,9.1,14.4,231.0,78.0,2.2,,997.6,14257.0,8.0
2020-11-05 09:43:00,5.8,8.7,14.4,232.0,78.0,2.2,,997.7,12995.0,8.0
2020-11-05 09:44:00,5.8,8.8,14.4,233.0,78.0,2.3,,997.7,12185.0,8.0
2020-11-05 09:45:00,5.7,8.8,14.4,234.0,79.0,2.4,,997.8,11684.0,8.0
2020-11-05 09:46:00,5.7,8.8,14.4,235.0,79.0,2.4,,997.7,11412.0,8.0
2020-11-05 09:47:00,5.7,8.7,14.4,235.0,79.0,2.4,,997.7,11469.0,8.0
2020-11-05 09:48:00,5.7,8.4,14.4,237.0,80.0,2.4,,997.8,11890.0,8.0
2020-11-05 09:49:00,5.6,7.9,13.2,237.0,81.0,2.5,,997.8,12087.0,8.0
2020-11-05 09:51:00,5.6,7.9,13.1,237.0,81.0,2.6,,997.7,10464.0,8.0
2020-11-05 09:52:00,5.5,7.7,12.2,238.0,81.0,2.6,,997.7,9905.0,8.0
2020-11-05 09:53:00,5.5,7.7,12.2,238.0,82.0,2.7,,997.7,10103.0,8.0
2020-11-05 09:54:00,5.5,7.5,12.2,237.0,82.0,2.6,,997.6,10358.0,8.0
2020-11-05 09:55:00,5.6,7.4,12.2,236.0,81.0,2.6,,997.5,10729.0,8.0
2020-11-05 09:56:00,5.4,7.4,13.2,234.0,83.0,2.7,,997.7,11011.0,8.0
2020-11-05 09:57:00,5.4,7.6,13.2,233.0,84.0,2.9,,997.7,11333.0,8.0
2020-11-05 09:58:00,5.5,7.7,13.2,233.0,83.0,2.8,,997.6,11528.0,8.0
2020-11-05 09:59:00,5.5,7.8,13.2,234.0,82.0,2.7,,997.6,11946.0,8.0
2020-11-05 10:01:00,5.5,7.6,13.2,235.0,83.0,2.8,,997.6,15371.0,8.0
2020-11-05 10:02:00,5.5,7.5,13.2,236.0,83.0,2.9,,997.6,17679.0,8.0
2020-11-05 10:03:00,5.6,7.4,13.2,236.0,82.0,2.7,,997.6,18690.0,8.0
2020-11-05 10:04:00,5.5,7.6,13.2,236.0,82.0,2.7,,997.5,19078.0,8.0
2020-11-05 10:05:00,5.4,7.4,13.2,236.0,83.0,2.9,,997.7,18198.0,8.0
2020-11-05 10:06:00,5.5,7.5,12.4,236.0,83.0,2.8,,997.6,16393.0,8.0
2020-11-05 10:07:00,5.4,7.3,12.1,237.0,84.0,2.9,,997.6,15484.0,8.0
2020-11-05 10:08:00,5.5,7.3,12.1,236.0,83.0,2.8,,997.5,14540.0,8.0
2020-11-05 10:09:00,5.4,7.2,12.1,236.0,84.0,2.9,,997.6,13982.0,8.0
2020-11-05 10:11:00,5.5,7.3,12.3,234.0,84.0,3.0,,997.5,13361.0,8.0
2020-11-05 10:12:00,5.5,7.5,12.3,233.0,83.0,2.8,,997.5,13365.0,8.0
2020-11-05 10:13:00,5.5,7.5,12.3,233.0,83.0,2.8,,997.4,13643.0,8.0
2020-11-05 10:14:00,5.5,7.5,12.3,232.0,83.0,2.8,,997.4,13872.0,8.0
2020-11-05 10:15:00,5.6,7.7,14.7,233.0,82.0,2.8,,997.2,14771.0,8.0
2020-11-05 10:16:00,5.5,7.6,14.7,230.0,83.0,2.8,,997.2,16376.0,8.0
2020-11-05 10:17:00,5.5,7.3,14.7,230.0,83.0,2.8,,997.2,17625.0,8.0
2020-11-05 10:18:00,5.6,7.3,14.7,231.0,82.0,2.8,,997.1,19500.0,8.0
2020-11-05 10:19:00,5.6,7.4,14.7,231.0,81.0,2.7,,997.2,21391.0,8.0
2020-11-05 10:21:00,5.5,7.4,14.7,232.0,82.0,2.8,,997.2,26409.0,8.0
2020-11-05 10:22:00,5.5,7.3,14.7,234.0,83.0,2.8,,997.3,29112.0,8.0
2020-11-05 10:23:00,5.5,7.5,14.7,234.0,82.0,2.8,,997.2,32914.0,8.0
2020-11-05 10:24:00,5.6,7.5,14.7,235.0,83.0,2.9,,997.3,37459.0,8.0
2020-11-05 10:25:00,5.6,7.5,12.0,236.0,82.0,2.8,,997.3,41641.0,8.0
2020-11-05 10:26:00,5.6,7.6,12.0,239.0,82.0,2.8,,997.3,46274.0,8.0
2020-11-05 10:27:00,5.6,7.8,12.0,241.0,82.0,2.8,,997.3,50687.0,8.0
2020-11-05 10:28:00,5.6,7.8,12.0,240.0,82.0,2.9,,997.3,57399.0,8.0
2020-11-05 10:29:00,5.7,7.7,12.0,240.0,82.0,2.8,,997.3,63882.0,8.0
2020-11-05 10:31:00,5.7,7.5,12.0,242.0,81.0,2.8,,997.4,70523.0,8.0
2020-11-05 10:32:00,5.8,7.5,12.0,241.0,81.0,2.8,,997.3,70802.0,8.0
2020-11-05 10:33:00,5.8,7.3,12.0,239.0,81.0,2.8,,997.3,70986.0,8.0
2020-11-05 10:34:00,5.8,7.0,11.5,238.0,81.0,2.8,,997.1,68390.0,8.0
2020-11-05 10:35:00,5.8,6.8,11.5,237.0,82.0,2.9,,997.2,68385.0,8.0
2020-11-05 10:36:00,5.8,6.6,11.2,237.0,81.0,2.8,,997.1,70453.0,8.0
2020-11-05 10:37:00,5.8,6.4,11.2,237.0,81.0,2.8,,997.2,72153.0,8.0
2020-11-05 10:38:00,5.9,6.4,12.1,236.0,81.0,2.9,,997.2,72017.0,8.0
2020-11-05 10:39:00,5.9,6.4,12.1,236.0,81.0,2.8,,997.3,70520.0,8.0
2020-11-05 10:41:00,5.9,6.3,12.1,236.0,81.0,2.9,,997.2,70583.0,8.0
2020-11-05 10:42:00,6.0,6.2,12.1,239.0,80.0,2.8,,997.1,69680.0,8.0
2020-11-05 10:43:00,6.0,6.4,12.1,242.0,81.0,2.9,,997.3,68914.0,8.0
2020-11-05 10:44:00,5.9,6.4,12.1,243.0,81.0,3.0,,997.3,70989.0,8.0
2020-11-05 10:45:00,6.0,6.3,12.1,243.0,81.0,2.9,,997.3,71407.0,8.0
2020-11-05 10:46:00,6.0,6.4,12.1,244.0,80.0,2.8,,997.3,68247.0,8.0
2020-11-05 10:47:00,6.1,6.2,12.1,244.0,80.0,2.8,,997.2,68173.0,8.0
2020-11-05 10:48:00,6.1,6.1,10.2,244.0,80.0,2.8,,997.3,66703.0,8.0
2020-11-05 10:49:00,6.1,6.0,9.8,246.0,80.0,2.9,,997.3,68347.0,8.0
2020-11-05 10:51:00,6.1,6.0,9.8,248.0,80.0,3.0,,997.3,68313.0,8.0
2020-11-05 10:52:00,6.2,6.0,9.6,246.0,80.0,3.0,,997.2,69931.0,8.0
2020-11-05 10:53:00,6.3,6.0,9.6,245.0,79.0,3.0,,997.2,71606.0,8.0
2020-11-05 10:54:00,6.4,6.3,15.3,244.0,78.0,2.9,,997.1,69906.0,8.0
2020-11-05 10:55:00,6.4,6.7,15.3,245.0,79.0,2.9,,997.1,68629.0,8.0
2020-11-05 10:56:00,6.4,7.0,15.3,244.0,78.0,2.9,,997.0,68668.0,8.0
2020-11-05 10:57:00,6.4,7.3,15.3,245.0,78.0,2.9,,997.0,66787.0,8.0
2020-11-05 10:58:00,6.4,7.5,15.3,246.0,78.0,2.9,,997.1,66700.0,8.0
2020-11-05 10:59:00,6.4,7.8,15.3,246.0,78.0,2.9,,997.1,63903.0,8.0
2020-11-05 11:01:00,6.4,8.1,15.3,245.0,79.0,3.0,,997.3,58270.0,8.0
2020-11-05 11:02:00,6.4,8.1,15.3,246.0,79.0,3.0,,997.2,54204.0,8.0
2020-11-05 11:03:00,6.4,8.1,15.3,247.0,79.0,3.0,,997.2,51714.0,8.0
2020-11-05 11:04:00,6.4,7.8,14.7,247.0,79.0,3.0,,997.1,51500.0,8.0
2020-11-05 11:05:00,6.5,7.7,11.8,246.0,78.0,3.0,,997.1,51390.0,8.0
2020-11-05 11:06:00,6.5,7.6,12.6,248.0,78.0,3.0,,997.1,51102.0,8.0
2020-11-05 11:07:00,6.6,7.7,12.6,247.0,78.0,3.0,,997.0,52684.0,8.0
2020-11-05 11:08:00,6.6,7.9,12.8,248.0,78.0,3.0,,997.0,53026.0,8.0
2020-11-05 11:09:00,6.6,7.8,12.8,249.0,77.0,3.0,,997.1,51865.0,8.0
2020-11-05 11:11:00,6.6,7.7,12.8,250.0,78.0,3.1,,997.2,47639.0,8.0
2020-11-05 11:12:00,6.5,7.8,12.8,250.0,79.0,3.1,,997.2,44187.0,8.0
2020-11-05 11:13:00,6.4,8.0,12.8,249.0,80.0,3.3,,997.2,36682.0,8.0
2020-11-05 11:14:00,6.4,8.2,12.8,250.0,81.0,3.4,,997.2,32438.0,8.0
2020-11-05 11:15:00,6.4,8.2,12.8,251.0,81.0,3.3,,997.2,31402.0,8.0
2020-11-05 11:16:00,6.4,8.2,12.8,251.0,81.0,3.4,,997.2,31135.0,8.0
2020-11-05 11:17:00,6.3,8.2,12.8,251.0,83.0,3.6,,997.3,30895.0,8.0
2020-11-05 11:18:00,6.4,8.0,12.4,249.0,82.0,3.5,,997.2,31019.0,8.0
2020-11-05 11:19:00,6.4,8.0,12.4,249.0,82.0,3.5,,997.2,31871.0,8.0
2020-11-05 11:21:00,6.4,8.0,12.4,249.0,82.0,3.6,,997.3,36219.0,8.0
2020-11-05 11:22:00,6.5,8.1,12.4,250.0,82.0,3.6,,997.2,40376.0,8.0
2020-11-05 11:23:00,6.5,7.9,12.4,250.0,81.0,3.5,,997.3,50776.0,8.0
2020-11-05 11:24:00,6.6,7.8,11.6,251.0,80.0,3.4,,997.3,63474.0,8.0
2020-11-05 11:25:00,6.6,7.9,12.5,251.0,80.0,3.4,,997.2,66551.0,8.0
2020-11-05 11:26:00,6.7,7.7,12.5,251.0,79.0,3.3,,997.2,69724.0,8.0
2020-11-05 11:27:00,6.8,7.6,12.5,252.0,79.0,3.3,,997.2,69431.0,8.0
2020-11-05 11:28:00,6.8,7.6,12.5,255.0,78.0,3.3,,997.2,69134.0,8.0
2020-11-05 11:29:00,6.7,7.5,12.5,256.0,79.0,3.3,,997.3,69546.0,8.0
2020-11-05 11:31:00,6.7,7.5,12.5,256.0,79.0,3.4,,997.3,69420.0,8.0
2020-11-05 11:32:00,6.8,7.5,12.5,255.0,79.0,3.3,,997.2,70423.0,8.0
2020-11-05 11:33:00,6.8,7.4,12.5,256.0,78.0,3.3,,997.2,72675.0,8.0
2020-11-05 11:34:00,6.8,7.6,12.6,256.0,79.0,3.3,,997.3,72466.0,8.0
2020-11-05 11:35:00,6.8,7.7,12.6,256.0,79.0,3.3,,997.3,75000.0,8.0
2020-11-05 11:36:00,6.9,7.9,12.6,256.0,78.0,3.3,,997.2,75000.0,8.0
2020-11-05 11:37:00,6.9,7.9,12.6,256.0,77.0,3.2,,997.3,74567.0,8.0
2020-11-05 11:38:00,6.8,8.0,12.6,256.0,78.0,3.3,,997.3,71860.0,8.0
2020-11-05 11:39:00,6.9,7.8,12.6,257.0,78.0,3.2,,997.2,67854.0,8.0
2020-11-05 11:41:00,6.9,7.8,12.6,257.0,78.0,3.3,,997.3,56643.0,8.0
2020-11-05 11:42:00,6.8,7.5,12.6,259.0,78.0,3.3,,997.3,52789.0,7.0
2020-11-05 11:43:00,6.9,7.8,12.6,260.0,78.0,3.3,,997.2,50164.0,7.0
2020-11-05 11:44:00,7.0,7.7,13.6,258.0,77.0,3.3,,997.3,48460.0,7.0
2020-11-05 11:45:00,7.0,7.8,13.6,258.0,77.0,3.3,,997.3,46971.0,7.0
2020-11-05 11:46:00,7.0,7.8,13.6,260.0,77.0,3.3,,997.3,43875.0,7.0
2020-11-05 11:47:00,7.0,8.0,13.6,261.0,77.0,3.3,,997.3,41917.0,7.0
2020-11-05 11:48:00,6.9,8.0,13.6,261.0,78.0,3.4,,997.4,38417.0,7.0
2020-11-05 11:49:00,7.0,8.2,13.6,260.0,78.0,3.4,,997.3,36264.0,7.0
2020-11-05 11:51:00,7.0,8.2,13.6,262.0,78.0,3.4,,997.3,34241.0,7.0
2020-11-05 11:52:00,7.0,8.2,13.6,262.0,78.0,3.4,,997.3,33628.0,7.0
2020-11-05 11:53:00,7.0,8.0,13.6,261.0,78.0,3.4,,997.4,33359.0,7.0
2020-11-05 11:54:00,7.0,8.0,13.6,263.0,78.0,3.5,,997.3,33488.0,7.0
2020-11-05 11:55:00,7.1,7.7,12.4,264.0,78.0,3.4,,997.4,31980.0,7.0
2020-11-05 11:56:00,7.0,7.6,12.4,264.0,78.0,3.5,,997.6,31379.0,7.0
2020-11-05 11:57:00,7.0,7.4,12.4,264.0,79.0,3.5,,997.6,31428.0,7.0
2020-11-05 11:58:00,7.0,7.3,12.4,264.0,78.0,3.5,,997.6,33359.0,7.0
2020-11-05 11:59:00,7.0,7.1,12.4,266.0,78.0,3.5,,997.5,36185.0,7.0
2020-11-05 12:01:00,7.1,7.2,12.4,265.0,78.0,3.4,,997.5,42839.0,7.0
2020-11-05 12:02:00,7.0,7.4,12.4,265.0,78.0,3.5,,997.5,46269.0,7.0
2020-11-05 12:03:00,7.0,7.6,12.4,266.0,78.0,3.5,,997.5,48912.0,7.0
2020-11-05 12:04:00,7.0,7.4,12.3,266.0,78.0,3.5,,997.5,50063.0,7.0
2020-11-05 12:05:00,7.1,7.5,12.3,267.0,78.0,3.5,,997.5,55902.0,7.0
2020-11-05 12:06:00,7.1,7.5,12.3,267.0,78.0,3.5,,997.4,62938.0,7.0
2020-11-05 12:07:00,7.1,7.7,14.0,267.0,78.0,3.4,,997.5,70081.0,7.0
2020-11-05 12:08:00,7.1,7.9,14.0,267.0,78.0,3.5,,997.5,75000.0,7.0
2020-11-05 12:09:00,7.1,7.8,14.0,268.0,77.0,3.4,,997.5,75000.0,7.0
2020-11-05 12:11:00,7.2,7.8,14.0,268.0,77.0,3.5,,997.5,75000.0,7.0
2020-11-05 12:12:00,7.2,7.8,14.0,270.0,77.0,3.5,,997.5,75000.0,7.0
2020-11-05 12:13:00,7.2,7.6,14.0,272.0,77.0,3.4,,997.5,75000.0,7.0
2020-11-05 12:14:00,7.3,7.6,14.0,272.0,76.0,3.4,,997.4,75000.0,7.0
2020-11-05 12:15:00,7.3,7.6,14.0,273.0,76.0,3.3,,997.4,75000.0,7.0
2020-11-05 12:16:00,7.3,7.7,14.0,275.0,76.0,3.3,,997.5,75000.0,7.0
2020-11-05 12:17:00,7.3,7.9,13.8,277.0,76.0,3.3,,997.6,75000.0,7.0
2020-11-05 12:18:00,7.2,8.0,13.8,279.0,76.0,3.3,,997.6,75000.0,7.0
2020-11-05 12:19:00,7.3,8.3,13.8,280.0,76.0,3.3,,997.5,75000.0,7.0
2020-11-05 12:21:00,7.5,8.1,13.8,282.0,74.0,3.1,,997.4,75000.0,7.0
2020-11-05 12:22:00,7.4,8.0,13.8,281.0,74.0,3.1,,997.4,75000.0,7.0
2020-11-05 12:23:00,7.4,8.2,13.8,281.0,74.0,3.0,,997.5,75000.0,7.0
2020-11-05 12:24:00,7.3,8.2,13.8,281.0,74.0,3.1,,997.5,75000.0,7.0
2020-11-05 12:25:00,7.4,8.1,13.8,279.0,74.0,3.1,,997.5,75000.0,7.0
2020-11-05 12:26:00,7.4,8.0,13.8,278.0,74.0,3.0,,997.6,75000.0,7.0
2020-11-05 12:27:00,7.4,7.6,12.7,276.0,74.0,3.0,,997.6,75000.0,5.0
2020-11-05 12:28:00,7.4,7.7,12.7,275.0,74.0,3.0,,997.7,75000.0,5.0
2020-11-05 12:29:00,7.3,7.8,12.7,275.0,74.0,3.0,,997.7,75000.0,5.0
2020-11-05 12:31:00,7.2,8.1,12.7,277.0,74.0,3.0,,997.9,75000.0,5.0
2020-11-05 12:32:00,7.2,8.0,12.7,277.0,75.0,3.0,,997.8,75000.0,4.0
2020-11-05 12:33:00,7.1,7.8,12.7,277.0,75.0,3.0,,997.9,75000.0,4.0
2020-11-05 12:34:00,7.4,7.8,12.7,277.0,74.0,3.1,,997.7,75000.0,4.0
2020-11-05 12:35:00,7.4,7.9,12.7,276.0,74.0,3.0,,997.8,75000.0,4.0
2020-11-05 12:36:00,7.2,7.9,12.7,277.0,75.0,3.0,,997.8,75000.0,4.0
2020-11-05 12:37:00,7.4,7.9,12.7,278.0,74.0,3.1,,997.7,75000.0,4.0
2020-11-05 12:38:00,7.3,7.7,13.1,278.0,75.0,3.2,,997.9,75000.0,4.0
2020-11-05 12:39:00,7.4,7.6,13.1,277.0,74.0,3.1,,997.8,75000.0,4.0
2020-11-05 12:41:00,7.3,7.1,13.1,274.0,75.0,3.2,,997.9,75000.0,4.0
2020-11-05 12:42:00,7.3,7.2,13.1,274.0,75.0,3.2,,997.8,75000.0,5.0
2020-11-05 12:43:00,7.3,7.4,13.1,274.0,75.0,3.2,,997.8,75000.0,5.0
2020-11-05 12:44:00,7.3,7.6,13.1,273.0,75.0,3.3,,997.8,75000.0,5.0
2020-11-05 12:45:00,7.4,7.6,13.1,274.0,75.0,3.3,,997.7,75000.0,5.0
2020-11-05 12:46:00,7.4,7.7,13.1,275.0,75.0,3.3,,997.9,75000.0,5.0
2020-11-05 12:47:00,7.3,7.6,13.1,273.0,76.0,3.3,,997.9,75000.0,5.0
2020-11-05 12:48:00,7.3,7.6,12.4,273.0,76.0,3.3,,997.9,75000.0,5.0
2020-11-05 12:49:00,7.3,7.7,12.4,272.0,76.0,3.3,,997.8,75000.0,5.0
2020-11-05 12:51:00,7.4,8.2,12.4,274.0,76.0,3.3,,997.9,75000.0,5.0
2020-11-05 12:52:00,7.4,8.3,12.7,273.0,75.0,3.3,,997.8,75000.0,3.0
2020-11-05 12:53:00,7.4,8.2,13.7,274.0,75.0,3.3,,998.0,75000.0,3.0
2020-11-05 12:54:00,7.2,8.2,13.7,273.0,76.0,3.3,,998.0,75000.0,3.0
2020-11-05 12:55:00,7.2,8.1,13.7,272.0,76.0,3.3,,998.0,75000.0,3.0
2020-11-05 12:56:00,7.2,8.1,13.7,273.0,77.0,3.4,,998.1,75000.0,3.0
2020-11-05 12:57:00,7.2,8.2,13.7,273.0,77.0,3.4,,998.1,75000.0,3.0
2020-11-05 12:58:00,7.2,8.3,13.7,274.0,76.0,3.3,,998.0,75000.0,3.0
2020-11-05 12:59:00,7.2,8.1,13.7,274.0,77.0,3.4,,998.1,75000.0,3.0
2020-11-05 13:01:00,7.2,7.7,13.7,274.0,77.0,3.3,,998.1,75000.0,3.0
2020-11-05 13:02:00,7.2,7.6,13.7,274.0,76.0,3.3,,998.1,75000.0,4.0
2020-11-05 13:03:00,7.3,7.4,12.7,274.0,76.0,3.3,,998.1,75000.0,4.0
2020-11-05 13:04:00,7.2,7.0,12.7,274.0,76.0,3.3,,998.2,75000.0,4.0
2020-11-05 13:05:00,7.2,6.8,12.7,274.0,76.0,3.3,,998.2,75000.0,4.0
2020-11-05 13:06:00,7.2,6.8,12.7,274.0,76.0,3.3,,998.3,75000.0,4.0
2020-11-05 13:07:00,7.2,6.7,12.7,273.0,76.0,3.3,,998.2,75000.0,4.0
2020-11-05 13:08:00,7.3,6.6,10.6,272.0,76.0,3.3,,998.3,75000.0,4.0
2020-11-05 13:09:00,7.2,6.5,10.4,272.0,76.0,3.3,,998.4,75000.0,4.0
2020-11-05 13:10:00,7.2,6.6,11.2,271.0,76.0,3.3,,998.4,75000.0,4.0
